0,1
曹喜滨,    航天器总体设计专家，主要从事小卫星设计理论、创新技术与工程应用研究。1963年2月出生于黑龙江省肇东市。1991年毕业于哈尔滨工业大学，获博士学位。     2019年当选中国工程院院士。
陈学东,    特种设备设计制造与运行维护工程科技专家，主要从事压力容器与管道安全科学与工程技术研究。1964年8月出生于安徽省铜陵市。2004年毕业于浙江大学，获工学博士学位。     2015年当选中国工程院院士。
邓宗全,    宇航空间机构学专家，主要从事宇航空间机构与特种机器人的设计理论与技术研究。1956年10月出生于黑龙江省双鸭山市。1984年毕业于哈尔滨工业大学，获硕士学位。     2017年当选中国工程院院士。
丁荣军,    交通与新能源装备领域专家，主要从事电力电子及控制技术研究。1961年11月出生于江苏省宜兴市。2008年毕业于中南大学，获工学博士学位。     2011年当选中国工程院院士。
樊会涛,    飞行器设计专家，主要从事航空武器装备研究，1962年10月出生于河南省汝阳县，2010年毕业于北京航空航天大学获博士学位。     2013年当选中国工程院院士。
冯煜芳,    导弹专家，主要从事武器装备发展论证与使用技术研究。1963年1月出生于浙江省余姚市。1987年国防科技大学本科毕业，2008年获航天科技集团一院博士学位。     2017年当选中国工程院院士。
付梦印,    导航制导与控制专家，主要从事陆上运动平台导航、制导与控制理论研究、技术攻关和工程应用工作。1964年11月出生于内蒙古自治区鄂尔多斯市。1992年毕业于北京理工大学，获工学硕士学位。     2021年当选中国工程院院士。
甘晓华,    航空领域专家，主要从事航空发动机技术研究。1957年1月出生于江西省临川县（今属进贤县）。1989年毕业于北京航空航天大学，获工学博士学位。     2011年当选中国工程院院士。
郭东明,    机械制造领域专家，主要从事机械工程及其自动化研究。1959年4月出生于河南省温县。1992年毕业于大连理工大学（原大连工学院）机械制造及其自动化专业，获工学博士学位。     2011年当选中国工程院院士。
何琳,    舰船工程专家，主要从事潜艇隐身技术研究。1957年11月出生于陕西省西安市。1984年毕业于海军工程学院，获硕士学位。     2017年当选中国工程院院士。
侯晓,    固体火箭发动机专家，主要从事航空宇航推进理论与工程研究。1963年10月出生于陕西省岐山县。1990年毕业于西北工业大学，获固体火箭发动机及推进剂专业博士学位。     2015年当选中国工程院院士。
黄庆学,    冶金机械专家，主要从事冶金机械设计方法、技术开发及工程化研究。1960年12月出生于吉林省舒兰市。1999年毕业于燕山大学，获工学博士学位。     2017年当选中国工程院院士。
蒋庄德,    机械制造及自动化专家，主要从事微纳制造与智能传感技术、精密超精密加工与测试技术及装备等方面研究。1955年8月出生于辽宁省庄河市。2011年毕业于英国伯明翰大学，获机械工程专业工学博士学位。     2013年当选中国工程院院士。
金东寒,    动力机械工程专家，主要从事新型发动机及其动力系统研究。1961年1月出生于黑龙江省绥化市。1989年毕业于中国舰船研究院，获博士学位。     2009年当选中国工程院院士。
李骏,    汽车发动机专家，主要从事汽车智能与新能源技术研究。1958年3月出生于吉林省长春市。1989年毕业于吉林工业大学，获博士学位。     2013年当选中国工程院院士。
李克强,    汽车智能化专家，主要从事汽车智能驾驶系统动态设计与控制的理论和技术研究。1963年1月出生于四川省资阳市。1995年毕业于重庆大学，获博士学位。     2021年当选中国工程院院士。
李培根,    机械制造自动化领域专家，主要从事数字化制造、智能制造等方面的研究。1948年12月出生于湖北省武汉市。1987年毕业于美国威斯康辛-麦迪逊大学，获博士学位。     2003年当选中国工程院院士。
林忠钦,    机械工程专家，主要从事机械制造及自动化研究。1957年12月出生于上海市。1989年毕业于上海交通大学，获博士学位。     2011年当选中国工程院院士。
刘宏,    机器人技术专家，主要从事空间在轨服务研究。1966年12月出生于安徽省合肥市。1993年毕业于哈尔滨工业大学，获博士学位。     2021年当选中国工程院院士。
卢秉恒,    机械制造专家，主要从事增材制造、高端装备、生物制造、纳米制造研究。1945年2月出生于安徽省亳州市。1986年毕业于西安交通大学，获博士学位。     2005年当选中国工程院院士。
马伟明,    电气工程领域专家，主要从事舰船能源与动力、电磁能武器装备以及新能源技术方面的研究。1960年4月出生于江苏省扬中市。1996年毕业于清华大学，获工学博士学位。     2001年当选中国工程院院士。
马玉山,    工业控制阀专家，主要从事高端控制阀产品及智能制造技术研究。1968年12月出生于内蒙古省鄂尔多斯市。2009年毕业于西安理工大学，获博士学位。     2021年当选中国工程院院士。
邱志明,    武器系统与运用工程专家，主要从事舰载武器系统和舰艇作战系统研究。1961年12月生，山东临沂人，研究员，博士研究生毕业，获工学博士学位。     2015年当选中国工程院院士。
单忠德,    数字化机械装备与成形制造专家，主要从事数字化机械装备与先进成形制造技术、智能制造技术与装备研究。1970年1月出生于山东省高密市。2002年毕业于清华大学机械工程系，获工学博士学位。     2019年当选中国工程院院士。
邵新宇,    机械制造自动化领域专家，主要从事先进制造关键工艺与装备研究。1968年11月出生于江苏省靖江市。1998年毕业于华中理工大学（1995年-1998年在美国密西根大学进行博士联合培养），获博士学位。     2019年当选中国工程院院士。
孙聪,    飞行器设计领域专家，主要从事飞机航空电子、隐身技术和总体设计研究。1961年2月出生于辽宁省沈阳市。2006年毕业于北京航空航天大学，获博士学位。     2015年当选中国工程院院士。
孙逢春,    车辆电动化专家，主要从事电动车辆系统、电驱动动力与传动等技术研究。1958年6月出生于湖南省临澧县。1989年毕业于北京理工大学，获工学博士学位。     2017年当选中国工程院院士。
谭建荣,    机械工程专家，主要从事机械设计制造及其自动化研究。1954年10月出生于浙江省湖州市。1992年毕业于浙江大学，获应用数学博士学位。     2007年当选中国工程院院士。
唐长红,    飞行器设计专家，主要从事总体设计、飞机气动弹性、结构强度研究。1959年1月出生于陕西省蓝田市。2010年毕业于西北工业大学，获博士学位。     2011年当选中国工程院院士。
田红旗,    轨道交通工程技术专家，长期从事轨道交通工程领域科研与教学工作。1959年12月出生于河南省鲁山县。1999年毕业于中国空气动力研究与发展中心，获博士学位。     2015年当选中国工程院院士。
王国庆,    宇航制造领域专家，主要从事火箭装备金属结构制造技术研究、特殊工艺装备研制和工程应用工作。1966年4月出生于辽宁省朝阳市。2010年毕业于清华大学，获博士学位。     2021年当选中国工程院院士。
王华明,    金属增材制造专家，主要从事重大装备高性能大型关键金属构件增材制造技术和严酷服役环境关键机械运动副零部件特种表面工程技术研究。1962年5月出生于四川省合江县。1989年毕业于中国矿业大学，获工学博士学位。     2015年当选中国工程院院士。
王树新,    专用机械设计与制造专家，主要从事制造装备与机器人技术研究。1966年9月出生于河北省张家口市宣化区市。1994年毕业于天津大学，获博士学位。     2021年当选中国工程院院士。
王向明,    飞机结构技术专家，主要从事飞机结构创新设计与制造一体化技术研究。1962年12月出生于黑龙江省绥化市。2005年毕业于北京航空航天大学（在职），获工学博士学位。     2021年当选中国工程院院士。
王云鹏,    道路智能交通专家，主要从事行车安全监测、路网协同控制、路车融合控制研究。1966年12月出生于吉林省舒兰市。1997年毕业于吉林工业大学，获博士学位。     2021年当选中国工程院院士。
王振国,    航空宇航推进领域专家，主要从事高超声速推进技术研究。1960年6月出生于湖南省常德市。1993年毕业于国防科学技术大学，获博士学位。     2017年当选中国工程院院士。
吴光辉,    飞机设计领域专家，主要从事飞机设计研究。1960年2月出生于湖北省武汉市。1982年1月毕业于南京航空学院，获学士学位，2009年1月获北京航空航天大学博士学位。     2017年当选中国工程院院士。
夏长亮,    电机设计与控制专家，主要从事电机系统及其控制研究。1968年4月出生于天津市。1995年毕业于浙江大学，获博士学位。     2017年当选中国工程院院士。
项昌乐,    机械设计及理论专家，主要从事特种车辆传动研究。1963年年4月出生于安徽省六安市霍山县。1987年毕业于北京工业学院（现北京理工大学）并留校工作，2001年获工学博士学位。     2019年当选中国工程院院士。
向锦武,    飞行器设计专家，主要从事飞行器设计、无人机系统设计、动力学与控制研究。1964年4月出生于湖南省平江县。1993年毕业于南京航空航天大学，获博士学位。     2019年当选中国工程院院士。
肖龙旭,    导弹武器控制理论与工程领域专家，主要从事导弹武器发展论证与应用工程研究。1962年6月出生于山东省寿光市。1984年毕业于原第二炮兵工程学院（现火箭军工程大学），获学士学位。     2019年当选中国工程院院士。
徐青,    舰船工程专家，主要从事水面舰船设计研究。1960年10月出生于湖北省武汉市。1982年毕业于上海交通大学，获工学学士学位。     2019年当选中国工程院院士。
严新平,    水路交通工程技术专家，主要从事船舶机械监测诊断、船舶航行风险控制、智能驾驶与自主航行等水路交通系统的安全工程与智能化研究。1959年7月出生于江西省莲花县。1997年毕业于西安交通大学，获工学博士学位。     2019年当选中国工程院院士。
杨德森,    水声工程专家，主要从事水声工程、矢量声呐、非线性水声学等方面研究。祖籍山东费县，1957年4月出生于黑龙江省牡丹江市。1998年毕业于哈尔滨工程大学，获博士研究生学位。     2015年当选中国工程院院士。
杨华勇,    流体传动与控制领域专家，主要从事机械电子控制研究。1961年1月出生于重庆市。1988年毕业于英国巴斯大学，获博士学位。     2013年当选中国工程院院士。
杨树兴,    武器系统与运用工程专家，主要从事野战火箭武器系统和制导控制技术研究。1962年11月出生于河北省唐山市。1991年毕业于北京理工大学，获工学博士学位。     2019年当选中国工程院院士。
尹泽勇,    航空发动机专家，主要从事航空发动机、直升机传动系统、多学科拓扑优化等领域研究。1945年2月出生于重庆市。1990年毕业于北京航空航天大学航空发动机专业，获博士学位。     2005年当选中国工程院院士。
尤政,    机械电子专家，主要从事微米纳米技术、智能微系统技术及其应用研究。1963年12月出生于江苏省扬州市。1990年毕业于华中科技大学机械制造及设备自动化专业，获博士学位。     2013年当选中国工程院院士。
张军,    航空交通工程技术专家，主要从事空中交通管理、航空通信导航方面研究。1965年7月出生于安徽省合肥市。2001年毕业于北京航空航天大学，获工学博士学位。     2013年当选中国工程院院士。
郑津洋,    高压容器和管道专家，主要从事氢能储运装备、深冷压力容器、柔性高压复合管和氢安全研究。1964年11月出生于浙江省嵊州市。1992年毕业于浙江大学，获工学博士学位。     2021年当选中国工程院院士。
钟志华,    车辆工程专家，主要从事汽车设计与制造技术的研究与应用。1962年7月出生于湖南省湘阴市。1988年毕业于瑞典林雪平（Linkoping）大学，获工学博士学位。     2005年当选中国工程院院士。
周济,    机械工程专家，主要从事机械设计、数控技术与智能制造研究。1946年8月出生。1970年毕业于清华大学，1984年毕业于美国纽约州立大学（布法罗），获博士学位。     1999年当选中国工程院院士。
周志成,    卫星总体技术专家，主要从事通信卫星工程、飞行器动力学与控制研究。1963年6月出生于北京市。2008年毕业于中国空间技术研究院，获博士学位。     2017年当选中国工程院院士。
朱广生,    飞行器设计领域专家，主要从事飞行器气动与总体设计研究。1963年1月出生于江苏省沛县。2006年毕业于中国航天科技集团公司一院，获博士学位。     2019年当选中国工程院院士。
朱坤,    飞行器设计专家，主要从事飞行器研究。1966年2月出生于湖南省长沙市。1991年毕业于北京航空航天大学，获硕士学位。     2021年当选中国工程院院士。
邹汝平,    多用途导弹工程技术专家，主要从事战术导弹系统总体和制导控制技术研究及装备研制。1962年9月出生于山东省威海市，2010年毕业于国防科学技术大学，获航空宇航科学与技术工学博士学位。     2021年当选中国工程院院士。
陈懋章,    空天发动机专家，主要从事高超声预冷发动机研究。1936年2月出生于四川省成都市。1957年毕业于北京航空学院（现北京航空航天大学），获学士学位。     1999年当选中国工程院院士。
陈一坚,    飞机设计专家，主要从事飞行器设计研究。1930年6月出生于福建省福州市。1952年毕业于清华大学，获学士学位。     1999年当选中国工程院院士。
陈予恕,    工程非线性动力学专家，主要从事非线性动力学理论及工程应用研究。1931年3月出生于山东省肥城市。1963年毕业于苏联科学院机械所，获副博士学位。     2005年当选中国工程院院士。
丁衡高,    惯性技术专家，主要从事惯性技术和精密机械研究。1931年2月出生于江苏省南京市。1961年毕业于前苏联列宁格勒精密机械光学学院，获技术科学副博士学位。     1994年当选中国工程院院士。
董春鹏,    水中兵器行业知名专家，主要从事水下装备技术及体系研究。1942年8月出生于河北省秦皇岛市。1966年7月毕业于中国科技大学，获学士学位。     2009年当选中国工程院院士。
杜善义,    力学和复合材料专家，主要从事飞行器结构力学和复合材料研究。1938年8月出生于辽宁省大连市。1964年毕业于中国科学技术大学近代力学系，获学士学位。     1999年当选中国工程院院士。
朵英贤,    自动武器专家，主要从事轻武器技术研究。1932年3月出生于甘肃省永靖县。1956年毕业于北京理工大学，获工学学士学位。     1999年当选中国工程院院士。
范本尧,    空间技术专家，主要从事航天器总体设计及结构机构研究。1935年8月出生于广东省汕头市。1958年毕业于清华大学力学研究班，获硕士学位。     2005年当选中国工程院院士。
冯培德,    导航制导控制专家，主要从事惯性导航研究。1941年4月出生于天津市。1966年毕业于南京航空航天大学，获研究生学位。     2001年当选中国工程院院士。
高金吉,    设备诊断及人工自愈工程专家，主要从事机械故障诊治及自愈化研究。1942年12月出生于吉林省长春市。1966年毕业于北京化工学院；1993年毕业于清华大学，获工学博士学位。     1999年当选中国工程院院士。
顾国彪,    电机设计专家，主要从事电力设备蒸发冷却技术研究。1936年6月出生于上海市。1958年毕业于清华大学，获学士学位。     1997年当选中国工程院院士。
顾诵芬,    飞行器设计领域专家，主要从事空气动力学、飞行力学与飞机设计研究。1930年2月出生于江苏省苏州市。1951年毕业于上海交通大学，获学士学位。     1994年当选中国工程院院士。
关杰,    冶金设备专家，主要从事连续铸钢设备研究。1939年11月出生于印度尼西亚。1963年毕业于原北京钢铁学院机械系。     1997年当选中国工程院院士。
郭重庆,    机械制造工艺与设备、设施规划与设计及产业发展战略专家，主要从事工程设计及管理科学与工程研究。1933年6月生于甘肃省兰州市。1957年毕业于哈尔滨工业大学，获学士学位。     1995年当选中国工程院院士。
郭孔辉,    汽车设计研究专家，主要从事汽车工程研究。1935年07月出生于福建省福州市。1956年毕业于吉林工业大学。     1994年当选中国工程院院士。
胡正寰,    零件轧制成形专家，主要从事轴类零件轧制成形研究。1934年7月出生于黑龙江省哈尔滨市。1956年毕业于北京钢铁工业学院。     1997年当选中国工程院院士。
黄崇祺,    金属导体专家，主要从事金属导体材料研究。1934年11月出生于江苏省常熟市。1957年毕业于东北工学院（现东北大学）。     1997年当选中国工程院院士。
黄瑞松,    飞航技术专家，主要从事系统工程、飞行器总体设计、导航制导与控制技术研究。1938年7月出生于江苏省宜兴市。1963年毕业于中国人民解放军军事工程学院有翼导弹自动控制专业，获学士学位。     2003年当选中国工程院院士。
黄先祥,    导弹发射与运用技术专家，主要从事导弹发射与运用技术研究。1940年4月出生于江苏省如东县。1965年毕业于北京理工大学。     1999年当选中国工程院院士。
黄旭华,    核动力潜艇专家，主要从事核动力潜艇研究。1926年3月出生于广东省汕尾市。1949年毕业于上海交通大学，获学士学位。     1994年当选中国工程院院士。
乐嘉陵,    吸气式高超声速技术领域专家，主要从事飞行器设计（包括总体、结构等）研究。1936年03月出生于浙江省镇海市。1964年毕业于北京航空学院，获研究生学位。     1995年当选中国工程院院士。
李椿萱,    飞行器设计专家，主要从事飞行器空气动力学、等离子体/磁流体动力学、超高速碰撞力学研究。1939年11月出生于云南省昆明市。1972年毕业于美国纽约州立大学，获博士学位。     1997年当选中国工程院院士。
李鹤林,    石油装备材料科学与工程专家，主要从事石油装备用钢及石油管工程研究。1937年7月出生于陕西省汉中市。1961年毕业于西安交通大学。     1997年当选中国工程院院士。
李鸿志,    兵器专家，主要从事弹道学研究。1937年5月出生于北京市。1961年毕业于炮兵工程学院，获大学学位。     1994年当选中国工程院院士。
李魁武,"    火炮自动武器及弹药（战斗部）工程专家，主要从事自行高炮、弹炮结合防空武器系统研究。1943年9月出生于河北省井陉县。1967年毕业于太原机械学院（现中北大学）,获学士学位。     2015年当选中国工程院院士。"
李明,    飞行器设计专家，主要从事飞行器总体设计和自动化研究。1936年11月出生于广东省三水市。1963年毕业于哈尔滨军事工程学院。     1995年当选中国工程院院士。
林尚扬,    焊接专家，主要从事焊接材料、工艺与自动化技术研究。1932年3月生于福建省厦门市。1961年毕业于哈尔滨工业大学，获学士学位。     1995年当选中国工程院院士。
柳百成,    铸造及材料工程专家，主要从事铸造及材料加工工程研究。1933年2月出生于上海市。1955年毕业于清华大学，获学士学位。     1999年当选中国工程院院士。
刘大响,    航空动力专家，主要从事航空发动机设计与研究，重大设备建设和发展战略研究。1937年10月出生于湖南省祁东县。1960年毕业于北京航空学院（现北京航空航天大学），获学士学位。     1995年当选中国工程院院士。
刘人怀,    力学、管理学专家，主要从事固体力学、战略管理和旅游管理等研究。1940年7月出生于四川省成都市。1963年毕业于兰州大学。     1999年当选中国工程院机械与运载学部院士。     2000年又当选为中国工程院工程管理学部院士。
刘怡昕,    武器系统与运用工程专家，主要从事武器系统与运用工程研究。1941年3月日出生于山东省青岛市。1964年毕业于炮兵工程学院。     2003年当选中国工程院院士。
刘永才,    飞航技术专家，主要从事航天系统工程、飞行器总体设计和信息化技术研究。1942年12月（农历）出生于吉林省长春市。1966年毕业于中国人民解放军军事工程学院有翼导弹设计专业，获学士学位。     2009年当选中国工程院院士。
刘友梅,    轨道电力牵引动力专家，主要从事轨道交通电力牵引装备制造业研究。1938年1月出生于江西省上饶市。1961年毕业于上海交通大学，获学士学位。     1999年当选中国工程院院士。
龙乐豪,    航天专家，主要从事航天运输系统技术研究，1938年7月出生于湖北省武汉市汉阳县，1963年毕业于上海交通大学自动控制专业。     2001年当选中国工程院院士。
路甬祥,    流体传动与控制专家，主要从事于流体传动及控制技术研究。1942年4月出生于浙江省宁波市。1964年毕业于浙江大学，获亚琛大学工程科学博士学位。     1994年当选中国工程院院士。
潘健生,    材料热处理专家，主要从事热处理工艺、控制与设备研究。1935年1月出生于广东省番禺市。1959年毕业于上海交通大学，获学士学位。     2001年当选中国工程院院士。
戚发轫,    空间技术专家，主要从事航天器总体设计研究。1933年4月出生于辽宁省复县。1957年毕业于北京航空学院（现北京航空航天大学）。     2001年当选中国工程院院士。
钱清泉,    铁道电气化与自动化专家，主要从事轨道交通电气化与自动化研究。1936年5月出生于江苏省丹阳市。1960年毕业于唐山铁道学院电机系（现西南交通大学），获学士学位。     1997年当选中国工程院院士。
饶芳权,    电机工程专家，主要从事水轮发电机的设计和技术管理研究。1934年9月出生于广东省梅州市。1958年毕业于哈尔滨工业大学。     1995年当选中国工程院院士。
沈闻孙,    船舶设计专家，主要从事大型船舶设计研究。1930年5月出生于浙江省嘉兴市。1953年毕业于上海交通大学造船系，获学士学位。     1997年当选中国工程院院士。
沈志云,    铁路机械工程专家，主要从事机车车辆动力学研究。1929年05月出生于湖南省长沙县。1961年毕业于原苏联列宁格勒铁道学院研究生院，获副博士学位。     1994年当选中国工程院院士。
苏哲子,    火炮武器专家，主要从事火炮武器系统的研究，1935年12月出生在陕西省咸阳市。1959年毕业于北京理工大学。     2005年当选工程院院士。
唐任远,    电气工程专家，主要从事稀土永磁电机研究。1931年6月出生于上海市。1952年毕业于上海交通大学，获学士学位。     2001年当选中国工程院院士。
王浚,    我国著名人机与环境工程和空调制冷技术专家，主要从事环境控制、环境模拟、热防护与控制、空调与制冷、人机环深度融合技术研究。1935年7月出生于山西省孝义市。1959年毕业于北京航空学院（5年制，现北京航空航天大学），获学士学位。     2001年当选中国工程院院士。
汪顺亭,    惯性技术与导航设备专家，主要从事高精度、长航时导航技术研究。1935年1月出生于辽宁省大连市。1962年毕业于原苏联莫斯科包曼国立技术大学，获硕士学位。     1995年当选中国工程院院士。
王兴治,    制导技术专家，主要从事制导兵器研究。1935年9月出生于辽宁省辽阳市。1963年毕业于中国人民解放军军事工程学院，获硕士学位。     1995年当选中国工程院院士。
王永志,    航天技术专家，主要从事航天技术、火箭技术研究。1932年11月出生于辽宁昌图县。1961年毕业于莫斯科航空学院，获工程师称号，2000年获俄罗斯莫斯科国立航空学院荣誉博士学位。     1994年当选中国工程院院士。
汪槱生,    电力电子及控制设备专家，主要从事电力电子技术研究。1928年8月出生于浙江省杭州市。1950年毕业于浙江大学，获学士学位。     1994年当选中国工程院院士。
王玉明,    机械设计及理论专家，主要从事流体密封工程研究开发。1941年1月出生于吉林省梨树县。1965年毕业于清华大学动力机械系燃气轮机专业六年制本科。     2003年当选中国工程院院士。
温俊峰,    航空发动机设计专家，主要从事航空发动机设计研究。1929年4月出生于内蒙古自治区五原县。1956年毕业于北京航空学院，研究生毕业。     1997年当选中国工程院院士。
吴有生,    船舶力学及船舶与海洋装备技术专家，主要从事流固耦合力学、海洋装备总体性能及总体设计技术研究。原籍浙江省嵊县，1942年4月出生于甘肃省兰州市。1967年清华大学工程力学研究生毕业，1984年获英国伦敦布鲁纳尔大学博士学位。     1994年当选中国工程院院士。
谢友柏,    机械学设计及理论、摩擦学专家，主要从事设计科学领域的研究。1933年9月出生于上海市。1955年毕于交通大学内燃机制造专业。     1994年当选中国工程院院士。
徐德民,    兵器科学技术与无人水下航行技术专家，主要从事水中兵器与自主水下航行器领域的教学和科研工作。1937年11月生于陕西省三原县，1964年西北工业大学研究生毕业。     2005年当选中国工程院院士。
徐芑南,    深潜器技术专家，主要从事各型无人与载人深海潜水器技术研究与装备研制工作。1936年3月出生于浙江省宁波市。1958年毕业于上海交通大学造船系，获工学学士学位。     2013年当选中国工程院院士。
徐志磊,    工程设计专家，主要从事设计学研究。1930年8月出生于上海市。1952年毕业于上海大同大学。     2001年当选中国工程院院士。
杨凤田,    飞机总体设计专家，主要从事飞机总体设计、新能源飞机、通用航空研究。1941年6月出生于辽宁省义县。1964年毕业于哈尔滨军事工程学院。     2007年当选中国工程院院士。
杨绍卿,    外弹道学与智能弹药武器系统工程技术专家，主要从事外弹道学与智能弹药武器系统的理论和工程技术工作。1941年2月出生于辽宁省康平县。1967年毕业于北京大学物理系。     2011年当选中国工程院院士。
杨士莪,    水声工程学专家，主要从事水声工程研究。1931年8月出生于天津市。1950年肄业于清华大学。     1995年当选中国工程院院士。
于本水,    航空宇航科学与技术专家，主要从事空天防御技术研究。1934年5月出生于吉林省长春市九台区。1960年毕业于俄罗斯莫斯科航空学院，获工程师学位。     2001年当选中国工程院院士。
臧克茂,    装甲车辆电气自动化专家，主要从事装甲车辆电气自动化技术的研究。1932年1月出生于江苏省常州市。1955年毕业于浙江大学电机系。     2007年当选中国工程院院士。
曾广商,    飞行器导航与控制技术专家，主要从事运载火箭和液体、固体弹道导弹等飞行执行技术的研究和产品研制。1935年7月出生于湖南省长沙市。1959年毕业于北京航空学院（现北京航空航天大学）航空自动控制系，获学士学位。     1999年当选中国工程院院士。
张福泽,    飞机寿命专家，主要从事飞机寿命研究。1936年3月出生于辽宁省岫岩县。1962年毕业于北京航空学院，获学士学位。     1995年当选中国工程院院士。
张贵田,    航天液体火箭发动机专家，主要从事我国航天液体火箭发动机的研究。1931年12月出生于河北省藁城县。1961年毕业于莫斯科航空学院液体火箭发动机专业，获学士学位。     1995年当选中国工程院院士。
张立同,    髙温复合材料专家，主要从事纤维增强陶瓷基复合材料及其制备技术与应用研究。1938年4月出生于重庆市。1961年毕业于西北工业大学。     1995年当选中国工程院院士。
张彦仲,    航空系统工程及信号处理专家，主要从事振动、信号处理与航空系统工程研究。1940年3月出生于陕西省三原县。1962年毕业于西北大学；1984年毕业于英国剑桥大学，获博士（PhD）学位。     2001年当选中国工程院院士。
赵煦,    无人驾驶飞机专家，主要从事无人驾驶飞机研究。1938年9月出生于湖南省浏阳市。1964年毕业于北京航空航天学院飞行力学及控制专业，获学士学位。     2001年当选中国工程院院士。
钟掘,    机械工程专家，主要从事装备制造行业研究。1936年9月出生于江西省南昌市。1960年毕业于北京钢铁工业学院，获学士学位。     1995年当选中国工程院院士。
钟群鹏,    机械（电）失效分析预测预防专家，主要从事金属材料的断裂失效与安全评定、早期检测与治愈机制、失效哲学理念与安全管理系统等方面的研究工作。1934年10月出生于浙江上虞。1957年研究生毕业于北京航空学院（北京航空航天大学前身）。     1999年当选中国工程院院士。
朱能鸿,    朱能鸿，天文光学望远镜专家，主要从事天文仪器与方法研究。1939年11月出生于上海市。1960年毕业于同济大学，获工学学士学位。     1995年当选中国工程院院士。
朱英富,    舰船工程专家，主要从事船舶工程研究。1941年7月出生于上海市，1963年上海交通大学本科毕业，1966年上海交通大学研究生毕业。     2011年当选工程院院士。
柴天佑,    控制理论与控制工程专家，主要从事复杂工业过程控制、优化和综合自动化与智能化的基础研究与工程技术研究。1947年11月出生于甘肃省兰州市。1985年毕业于东北工学院，获博士学位。     2003年当选中国工程院院士。
陈纯,    计算机应用专家，主要从事大数据、人工智能和区块链等技术的研究。1955年12月出生于浙江省象山县。1990年毕业于浙江大学，获博士学位。     2015年当选中国工程院院士。
陈杰,    控制理论与控制工程专家，主要从事动态环境下复杂系统的多指标优化与控制、多智能体协同控制的研究。1965年7月出生于福建省福清市。2001年毕业于北京理工大学，获博士学位。     2017年当选中国工程院院士。
陈志杰,    空中交通管理系统技术专家，主要从事空中交通管理系统技术研究与工程实践。1963年1月出生于广东省梅县。     2006年毕业于空军工程大学，获博士学位。     2011年当选中国工程院院士。
陈左宁,    计算机工程技术专家，主要从事计算机体系结构和系统软件研究。1957年10月出生于北京市。1999年毕业于浙江大学计算机应用技术专业，获硕士学位。     2001年当选中国工程院院士。
戴浩,    指挥与控制系统领域专家，主要从事指挥与控制系统理论研究、指挥信息系统总体设计与工程建设。1945年8月出生于江苏省阜宁县。1968年毕业于清华大学，1982年获硕士学位。     2005年当选中国工程院院士。
戴琼海,    自动控制学专家，主要从事智能科学与技术、成像与脑认知研究。1964年12月出生于上海市。1996年毕业于东北大学，获博士学位。     2017年当选中国工程院院士。
邓中翰,    微电子学专家，主要从事芯片设计技术研究。1968年09月出生于江苏省南京市。1997年毕业于加州大学伯克利分校，获博士学位。     2009年当选中国工程院院士。
丁文华,    广播电视技术专家，主要从事广播电视技术、多媒体信息处理和计算机网络工程应用研究。1956年4月出生于北京市。1982年毕业于中国传媒大学（原北京广播学院）。     2013年当选中国工程院院士。
段宝岩,    电子机械工程专家，主要从事高端电子装备机电耦合技术研究。1955年2月出生于河北省冀州市。1989年毕业于西安电子科技大学，获博士学位。     2011年当选中国工程院院士。
樊邦奎,    无人机侦察技术专家，主要从事无人机侦察研究。1958年9月出生于安徽省滁州市。1997年毕业于北京理工大学，获博士学位。     2015年当选中国工程院院士。
方滨兴,    网络空间安全专家，主要从事网络与信息安全技术研究。1960年7月出生于黑龙江省哈尔滨市。1989年毕业于哈尔滨工业大学，获博士学位。     2005年当选中国工程院院士。
费爱国,    指挥信息系统和数据链专家，主要从事数据链和指挥信息系统技术研究。1955年7月出生于江苏省清江市。2004年毕业于北京科技大学，获博士学位。     2013年当选中国工程院院士。
高文,    计算机专家，主要从事人工智能应用和多媒体技术、计算机视觉、模式识别与图像处理、虚拟现实等方面的研究。1956年3月出生于辽宁省大连市。1991年毕业于日本东京大学，获博士学位。     2011年当选中国工程院院士。
桂卫华,    自动控制专家，主要从事流程工业生产过程控制理论、技术和工程应用研究。1950年8月出生于湖北省武汉市。1981年毕业于中南矿冶学院（现中南大学），获硕士学位。     2013年当选中国工程院院士。
何友,    信息融合专家，主要从事信号检测、信息融合、智能技术与应用研究。1956年10月出生于吉林省磐石市。1997年毕业于清华大学，获博士学位。     2013年当选中国工程院院士。
江碧涛,    航天遥感领域专家，主要从事多星多传感器协同探测及应用技术研究。1967年8月出生于安徽省六安市。2007年毕业于中国科学院空间科学与应用研究中心，获博士学位。     2021年当选中国工程院院士。
蒋昌俊,    计算机领域专家，主要从事网络计算方面的研究。1962年5月出生于安徽省安庆市。1995年毕业于中科院自动化研究所，获博士学位。     2021年当选中国工程院院士。
姜会林,    应用光学专家，主要从事应用光学技术研究。1945年7月出生于辽宁省沈阳市。1987年获得中国科学院长春光学精密机械与物理研究所博士学位。     2015年当选中国工程院院士。
孔志印,    信息安全技术专家，主要从事军事信息网络安全保密技术研究。1964年8月出生于河北省沙河市。2007年毕业于解放军信息工程大学，获博士学位。     2021年当选中国工程院院士。
蓝羽石,    计算机应用技术专家，主要从事信息系统技术研究。1954年9月出生于辽宁省沈阳市。1982年毕业于山东大学，获学士学位。     2021年当选中国工程院院士
李得天,    真空测试计量专家，主要从事真空计量及真空环境下多参数综合测试工程研究。1966年6月生于甘肃省白银市，2007年毕业于中国空间技术研究院，获博士学位。     2021年当选中国工程院院士。
李德毅,    人工智能和指挥自动化专家，主要从事计算机工程、不确定性人工智能、数据挖掘、知识发现和智能驾驶领域的研究。1944年11月出生于江苏省泰州市。1983年毕业于英国爱丁堡Heriot-Watt大学，获博士学位。     1999年当选中国工程院院士。
廖湘科,    计算机系统软件专家，主要从事高性能计算和基础软件研究。1963年9月出生于湖南省涟源市。2018年毕业于清华大学，获博士学位。     2015年当选中国工程院院士。
刘永坚,    航空电子信息领域专家，主要从事航空装备研究工作。1961年11月出生于湖南省冷水江市。先后毕业于国防科技大学、北京航空航天大学，获博士学位。     2017年当选中国工程院院士。
刘泽金,    激光技术专家，主要从事强激光及科技战略管理工作。1963年10月出生于山东省无棣县。1983年毕业于山东大学，1997年获国防科学技术大学博士学位。     2017年当选为中国工程院院士。
龙腾,    雷达信息处理专家，主要从事空天雷达信息处理的基础科学研究。1968年1月出生于福建省福州市。1995年毕业于北京理工大学，获博士学位。     2021年当选中国工程院院士。
陆军,    电子信息技术专家，主要从事雷达及综合电子信息系统研究。1964年11月出生于江苏省苏州市。1988年毕业于中国科学技术大学，获硕士学位。     2017年当选中国工程院院士。
卢锡城,    计算机专家，主要从事高性能计算和分布处理领域研究。1946年11月出生于江苏省靖江市。1970年毕业于哈尔滨军事工程学院。     1999年当选中国工程院院士。
罗先刚,    光电领域专家，主要从事光电技术研究。1970年12月出生于四川省广元市苍溪县。2001年毕业于中国科学院研究生院，获博士学位。     2019年当选中国工程院院士。
罗毅,    半导体光电子技术专家，主要从事高速光电子器件研究。1960年2月出生于北京市。1990年毕业于日本东京大学，获博士学位。     2021年当选中国工程院院士。
吕跃广,    电子信息技术专家，主要从事光电子和电子信息技术研究。1964年5月出生于山东省东营市。1990年毕业于哈尔滨工业大学，获博士学位。     2011年当选中国工程院院士。
潘云鹤,    计算机应用、人工智能专家专家，主要从事人工智能、计算机图形学、CAD和工业设计研究。1946年11月出生于浙江省杭州市。1981年毕业于浙江大学计算机系，获硕士学位。     1997年当选中国工程院院士。
苏东林,    电磁兼容领域专家，主要从事电磁兼容及电磁安全研究。1960年3月出生于北京市。1999年毕业于北京航空航天大学，获博士学位。     2019年当选中国工程院院士。
孙家广,    软件及应用领域专家，主要从事计算机图形学、CAD、软件工程与系统研究。1946年1月出生于江苏省镇江市。1970年毕业于清华大学自控系。     1999年当选中国工程院院士。
孙凝晖,    计算机系统结构专家，主要从事高性能计算机研究。1968年3月出生于上海市。1999年毕业于中国科学院计算技术研究所，获博士学位。     2019年当选中国工程院院士。
谭久彬,    精密测量与仪器工程专家，主要从事高端装备制造中的超精密测量与仪器工程研究。1955年3月出生于黑龙江省哈尔滨市。1991年毕业于哈尔滨工业大学精密仪器及机械学科，获博士学位。     2017年当选中国工程院院士。
王恩东,    计算机专家，主要从事计算机系统结构研究。1966年7月出生于山东省济南市。1991年毕业于清华大学，获硕士学位。     2015年当选中国工程院院士。
王沙飞,    通信与信息系统专家，主要从事卫星通信信号处理与信息安全领域的技术研究和工程实践研究。1964年10月出生于河北省张家口市。1991年毕业于北京理工大学，获硕士学位。     2017年当选中国工程院院士。
王耀南,    机器人技术与智能控制专家，主要从事智能机器人感知与控制技术及工程应用研究。1957年11月出生于云南省龙陵县。1995年毕业于湖南大学，获博士学位。     2019年当选中国工程院院士。
魏毅寅,    导弹总体和制导控制技术领域领军专家，主要从事飞航导弹设计、制导控制系统技术研究与应用。1962年9月出生于辽宁省台安县。2010年毕业哈尔滨工业大学，获博士学位。     2019年当选中国工程院院士。
吴汉明,    微电子工艺技术专家，主要从事我国集成电路芯片产业研究。1952年6月出生于上海市。1987年毕业于中国科学院力学研究所，获博士学位。     2019年当选中国工程院院士。
邬江兴,    通信与信息系统专家，主要从事信息技术与网络安全研究。1953年9月出生于浙江省嘉兴市。1982年毕业于中国人民解放军工程技术学院。     2003年当选中国工程院院士。
吴建平,    计算机网络专家，主要从事互联网和网络空间技术研究、工程建设和人才培养。1953年10月出生于山西省太原市。1997年毕业于清华大学，获博士学位。     2015年当选中国工程院院士。
吴剑旗,    雷达领域专家，主要从事米波反隐身雷达研究。1966年07月出生于四川省宜宾市。2018年毕业于电子科技大学，获博士学位。     2021年当选中国工程院院士。
吴曼青,    雷达技术和网络信息体系专家，主要从事雷达技术和网络信息体系研究。1965年8月出生于安徽省桐城市。1990年毕业于国防科技大学，获硕士学位。     2009年当选中国工程院院士。
吴伟仁,    航天测控通信与深空探测工程总体技术专家，主要从事航天测控通信和深空探测技术研究与工程实践。1953年10月出生于四川省平昌县。1978年毕业于中国科技大学，后在华中科技大学获工学博士学位。     2015年当选中国工程院院士。
徐扬生,    徐扬生专家，主要从事人工智能研究。1958年4月出生于浙江省绍兴市。1989年毕业于宾夕法尼亚大学，获博士学位。     2007年当选中国工程院院士。
杨小牛,    信号处理技术专家，主要从事通信信号处理、软件无线电等研究。1961年6月出生于浙江省龙游县。1988年毕业于西安电子科技大学，获硕士学位。     2013年当选中国工程院院士。
姚富强,    通信抗干扰领域专家，主要从事通信抗干扰和电磁空间安全技术研究。1957年5月出生于安徽省铜陵市枞阳县。1993年毕业于西安电子科技大学，获博士学位。     2019年当选中国工程院院士。
于全,    军事通信领域专家，主要从事战术通信、空间信息网络、无线自组织网络等领域研究。1965年9月出生于江西省九江市。1992年毕业于法国里摩日大学，获博士学位。     2009年当选中国工程院院士。
余少华,    信息与通信网络技术专家，主要从事光纤通信和通信网络技术研究。1962年9月出生于湖北武汉。1992年毕业于武汉大学空间物理与电子信息学院，获博士学位。     2015年当选中国工程院院士。
张宝东,    信息安全专家，主要从事信息安全理论与技术研究。1962年12月出生于河北省三河市。1997年毕业于解放军信息工程学院，获博士学位。     2021年当选中国工程院院士。
张广军,    测试计量专家，主要从事几何量动态测量技术和工程应用研究。1965年3月出生于天津市汉沽区。1991年毕业于天津大学精密仪器工程系测试计量技术及仪器专业，获博士学位。     2013年当选中国工程院院士。
张宏科,    通信与网络技术专家，主要从事专用通信网络理论与工程技术研究。1957年9月出生于山西省大同市。1993年毕业于电子科技大学（原成都电讯工程学院），获博士学位。     2021年当选中国工程院院士。
张平,    无线移动通信专家，主要从事移动通信传输、组网、科学仪器等基础理论和技术创新研究。1959年4月出生于陕西省汉中市。1990年毕业于北京邮电大学，获博士学位。     2019年当选中国工程院院士。
张尧学,    计算机网络专家，主要从事新型网络计算模式与网络计算系统研究。1956年1月出生于湖南省澧县。1989年毕业于日本东北大学，获博士学位。     2007年当选中国工程院院士。
赵沁平,    虚拟现实领域专家，主要从事虚拟现实和人工智能技术研究。1948年3月出生于山西省介休市。1986年毕业于南京大学，获博士学位。     2013年当选中国工程院院士。
郑南宁,    人工智能与自动控制工程专家，主要从事计算机视觉与模式识别、人工智能及其先进计算架构研究。1952年12月出生于江苏省南京市。1985年毕业于日本庆应大学，获博士学位。     1999年当选中国工程院院士。
郑纬民,    计算机系统结构领域专家，主要从事计算机系统结构相关科学研究、工程建设和人才培养。1946年3月出生于浙江省宁波市。1982年毕业于清华大学，获硕士学位。     2019年当选中国工程院院士。
贲德,    雷达技术专家，主要从事雷达系统的设计研究。1938年4月出生于吉林省九台市。1962年毕业于哈尔滨工业大学无线电工程系雷达专业。     2001年当选中国工程院院士。
蔡鹤皋,    机器人及机电一体化技术专家，主要从事机器人及自动化技术研究。1934年6月出生于吉林省长春市。1958年毕业于哈尔滨工业大学。     1997年当选中国工程院院士。
蔡吉人,    信息处理技术专家，主要从事信息安全、信息处理和信息传输研究。1935年7月出生于江苏省苏州市。1956年毕业于复旦大学数学系。     1997年当选中国工程院院士。
陈鲸,    通信与信息系统专家，主要从事空间信息处理研究。1940年11月出生于安徽省安庆市怀宁县。1958毕业于合肥工业大学。     2005年当选中国工程院院士。
陈俊亮,    通信与电子系统专家，主要从事网络智能服务领域研究。1933年10月出生于浙江省宁波市。1961年毕业于苏联莫斯科电讯工程学院，获副博士学位。     1994年当选中国工程院院士。
陈良惠,    半导体光电子学专家，主要从事光电子领域研究。1939年10月出生于福建省福州市。1963年毕业于复旦大学。     1999年当选中国工程院院士。
范滇元,    激光与光电子学专家，主要从事“神光”系列高功率激光系统研究。1939年2月出生于云南省昆明市。1962年毕业于北京大学物理系。     1995年当选中国工程院院士
方家熊,    光传感技术专家，主要从事光传感器研究研究。1939年10月出生于安徽省黄山市。1966年研究生毕业于中国科学院。     2001年当选中国工程院院士。
封锡盛,    水下机器人专家，主要从事海洋机器人总体设计研究。1941年12月出生于辽宁省海城市。1965年毕业于哈尔滨工业大学。     1999年当选中国工程院院士。
高洁,    量子物理计量专家，主要从事量子物理计量与凝聚态物理研究。1937年6月出生于山东省济南市。1962年毕业于北京大学物理系。     1999年当选中国工程院院士。
龚惠兴,"    航天遥感、光电技术专家，主要从事红外光电技术的空间应用领域的研究。1940年6月出生于上海市。1963年毕业于中国科学技术大学,1967年毕业于中国科学院自动化所研。     1995年当选中国工程院院士。"
宫先仪,    水声工程专家，主要从事水声工程、信息与信号处理研究。1938年02月出生于江苏省江宁市。1962年毕业于哈尔滨军事工程学院。     2001年当选中国工程院院士。
龚知本,    大气光学专家，主要从事大气光学及其工程应用研究。1935年11月出生于江苏省太仓市。1960年毕业于北京大学地球物理性。     2003年当选中国工程院院士。
郭桂蓉,    雷达技术专家，主要从事雷达抗干扰技术、雷达自动目标识别技术与系统的研究。1937年10月出生于四川省成都市。1960年-1965年在苏联莫斯科茹可夫斯基空军工程学院攻读雷达专业研究生，获副博士学位。     1995年当选中国工程院院士。
何德全,    信息技术专家，主要从事网络信息安全的发展及技术创新研究。1933年7月出生于北京市。1953年毕业于北京大学，获硕士学位。     1994年当选中国工程院院士。
何新贵,    人工智能专家，主要从事计算机软件和人工智能的理论和工程实践研究。1938年10月出生于浙江省浦江县。1967年毕业于北京大学数学力学系，获硕士学位。     2001年当选中国工程院院士。
胡启恒,    自动控制技术专家，主要从事模式识别与人工智能、互联网领域的研究和管理方面研究。1934年6月出生于北京市。     1963年毕业于原苏联莫斯科化工机械学院研究生部，获副博士学位。     1994年当选中国工程院院士。
黄培康,    雷达学与雷达目标特性专家，主要从事雷达目标电磁散射特性研究。1935年09月出生于上海市。1956年毕业于南京工学院（今东南大学）。     2005年当选中国工程院院士。
姜文汉,    光学技术专家，主要从事大型光测设备、自适应光学技术及系统的应用基础研究。1936年5月出生于浙江省平湖县。1958年毕业于哈尔滨工业大学。     1995年当选中国工程院院士。
金国藩,    光学信息处理专家，主要从事光学工程研究。1929年1月出生于辽宁省沈阳市。1950年毕业于北京大学。     1994年当选中国工程院院士。
金怡濂,    计算机专家，主要从事电子计算机体系结构、高速信号传输技术、计算机组装技术等方面研究。1929年9月出生于天津市。1951年毕业于清华大学电机系。     1994年当选中国工程院院士。
李伯虎,    系统仿真及制造业信息化专家，主要从事复杂系统建模仿真与制造云化数智化研究。1938年11月出生于上海市。1961年毕业于清华大学。     2001年当选中国工程院院士。
李德仁,    测绘遥感专家，主要从事地球空间信息学研究。1939年12月出生于江苏省泰州市。1985年毕业于德国斯图加特大学，获博士学位。     1994年当选中国工程院院士。
李国杰,    计算机专家，主要从事计算机系统结构、人工智能、大数据、未来网络等领域的应用基础研究和技术发展战略咨询。1943年5月出生于湖南省邵阳市。1985年毕业于美国普渡大学，获博士学位。     1995年当选中国工程院院士。
李乐民,    通信技术专家，主要从事通信技术领域研究。1932年5月出生于浙江省吴兴县。1952年毕业于西安交通大学电机系。     1997年当选中国工程院院士。
李同保,    计量测试领域专家，主要从事纳米长度计量研究。1942年10月出生于河南省温县。1963年毕业于同济大学应用物理专业。     1994年当选中国工程院院士。
李幼平,    电子与通信技术专家，主要从事电子与通信技术、新型网络与统一标识研究。1935年5月出生于福建省泉州市。1957年毕业于南京工学院（今东南大学）。     1999年当选中国工程院院士。
林永年,    信息处理技术专家，主要从事信息处理技术研究。1932年2月出生于浙江省宁波市。1960年毕业于苏联莫斯科大学。     1995年当选中国工程院院士。
刘玠,    冶金自动化及信息工程专家、工程管理及企业管理专家，主要从事冶金工业计算机控制系统和数学模型的研究与开发。     1943年11月出生于上海市。1967年毕业于北京钢铁学院，研究生学历。     1997年当选中国工程院院士。
刘尚合,    静电与电磁防护专家，主要从事电磁兼容与电磁环境效应研究。1937年4月出生于山西省闻喜市。1964年毕业于北京师范大学物理系。     1999年当选中国工程院院士。
刘永坦,    电子信息工程领域专家，主要从事雷达总体、信号处理研究。1936年12月出生于湖北省武汉市。1958年毕业于清华大学。     1994年当选中国工程院院士。
刘韵洁,    通信与信息系统专家，主要从事未来网络架构与技术体系研究。1943年1月出生于山东省烟台市。1968年毕业于北京大学。     2005年当选中国工程院院士。
陆建勋,    信息与通信网络技术专家，主要从事通信与网络研究。1929年11月出生于北京市。1951年毕业于清华大学。     1995年当选中国工程院院士。
马远良,    水声工程与信息处理专家，主要从事水声工程科学和装备研究。1938年7月出生于四川省隆昌市。1961年毕业于西北工业大学。     2003年当选中国工程院院士。
毛二可,    雷达专家，主要从事雷达系统与雷达信号处理研究。1934年1月出生于内蒙自治区赤峰市。1956年毕业于北京工业学院（现北京理工大学）。     1995年当选中国工程院院士。
倪光南,    计算机专家，主要从事计算机及其应用的研究。1939年8月出生于浙江省宁波市。1961年毕业于南京工学院。     1994年当选中国工程院院士。
潘君骅,    应用光学专家，主要从事光学仪器研制、光学元件及系统的加工和测试研究。1930年10月出生于上海市。1960年毕业于苏联科学院列宁格勒普尔科沃天文台，获副博士学位。     1999年当选中国工程院院士。
沈昌祥,    信息系统工程专家，主要从事信息安全体系结构、网络安全、密码工程、系统软件安全研究。1940年8月出生于浙江省奉化市。1965年毕业于浙江大学。     1995年当选中国工程院院士。
宋健,    系统工程专家，主要从事最优控制系统理论、分布参数控制理论、控制理论、人口控制论、“夏商周”断代工程等方面研究。1931年12月出生于山东省荣成市。1958年在苏联莫斯科包曼高等工学院获工程师学位，1960年在莫斯科大学力学数学系毕业，同年包曼高工研究生毕业，获副博士学位，后又获科学博士学位。     1994年当选中国工程院院士。
苏君红,    红外技术专家，主要从事红外技术研究。1937年4月出生于上海市。1963年毕业于西安交通大学无线电工程系无线电技术专业。     1994年当选中国工程院院士
孙优贤,    工业自动化专家，主要从事工业自动化研究。1940年12月出生于浙江省诸暨市。1964年毕业于浙江大学化学工程学系。     1995年当选中国工程院院士。
孙玉,    通信技术专家，主要从事通信技术研究。1936年4月出生于黑龙江省肇东县五站乡。1962年毕业于清华大学。     1995年当选中国工程院院士。
汪成为,    信息领域专家，主要从事电子计算机及人工智能研究。1933年7月出生于上海市。1956年毕业于北京师范大学物理系。     1994年当选中国工程院院士。
王任享,    摄影测量及遥感专家，主要从事摄影测量与遥感的科学研究。1933年10月出生于福建省福州市。1958年毕业于中国人民解放军测绘学院。     1997年当选中国工程院院士。
王天然,    机器人与工业自动化专家，主要从事智能机器人、机器人应用与工业自动化研究。1943年3月出生于黑龙江省海伦县。1967年毕业于哈尔滨工业大学。     2003年当选中国工程院院士。
王越,    信息与通信系统专家，主要从事我国火控雷达研究。1932年4月出生于江苏省丹阳市。1956年毕业于军事电信工程学院（现西安电子科技大学）。     1994年当选中国工程院院士。
王子才,    自动控制及系统仿真专家，主要从事复杂系统仿真测试评估技术、现代控制理论及应用研究。1932年6月出生于山东省聊城市。1957年毕业于哈尔滨工业大学研究生班。     2001年当选中国工程院院士。
韦钰,    电子学专家，主要从事生物电子学研究。1940年2月出生于广西省桂林市。1981年毕业于西德亚琛工业大学，获博士学位。     1993年当选中国工程院院士。
魏正耀,    信息技术专家，主要从事信息技术研究。1936年3月出生于上海市。1955年毕业于中国人民解放军外国语学院。     1999年当选中国工程院院士。
魏子卿,    卫星大地测量专家，主要从事测绘专用电子计算机、卫星大地测量研究。1937年4月出生于河南省睢县。1960年毕业于中国人民解放军测绘学院。     1995年当选中国工程院院士。
吴澄,    自动化领域专家，主要从事自动化与制造业信息化技术研究。1940年1月生于浙江省桐乡市。1966年毕业于清华大学电机系，获硕士学位。     1995年当选中国工程院院士。
邬贺铨,    光纤传送网与宽带信息网专家，主要从事光纤传输系统、下一代互联网和宽带移动通信及工程科技发展战略研究。1943年1月出生于广东省广州市。1964年毕业于武汉邮电学院。     1999年当选中国工程院院士。
吾守尔·斯拉木,    多语种信息处理专家，主要从事多语种智能信息处理、网络内容安全、混合智能信息处理等方面研究。1942年8月出生于新疆维吾尔自治区伊犁察布查尔县。1964年毕业于新疆大学。     2011年当选中国工程院院士。
许居衍,    微电子技术专家，主要从事集成电路研究。1934年7月出生于福建省福州市。1957年毕业于厦门大学（北大五校联办）。     1995年当选中国工程院院士
许祖彦,    激光技术专家，主要从事激光技术及应用研究。1940年2月出生于四川省邛崃市。1963年毕业于中国科学技术大学。     2001年当选中国工程院院士。
杨士中,    测控与遥感信息传输专家，主要从事通信、测控及遥感信息传输、微波输能研究。1937年9月出生于重庆江津。1960年毕业于重庆大学。     1997年当选中国工程院院士。
姚骏恩,    应用物理专家，主要从事电子显微镜和扫描探针显微镜等分析成像仪器研制及其应用研究。1932年4月出生于上海市。1952年毕业于大连工学院（现大连理工大学）。     2001年当选中国工程院院士。
叶铭汉,    实验高能物理学家、粒子探测技术专家，主要从事粒子物理实验、核方法在材料科学中的应用等研究。1925年4月出生于上海市。1949年毕业于清华大学。     1995年当选中国工程院院士。
叶尚福,    微波天线专家，主要从事卫星通信地面站天线及高效馈源技术研究。1938年12月出生于四川省成都市。1961年毕业于西安交通大学。     1995年当选中国工程院院士。
叶声华,    精密测量技术及仪器专家，主要从事激光及光电测试技术研究。1934年6月出生于湖北省沙市。1962年毕业于天津大学。     2003年当选中国工程院院士。
张光义,    雷达技术专家，主要从事雷达与电子系统工程研究。1935年9月出生于四川省泸州市。1962年毕业于莫斯科动力学院无线电技术系，获苏联无线电工程师学位。     1997年当选中国工程院院士。
张履谦,    雷达与电子技术专家，主要从事雷达技术研究。1926年3月出生于湖南省长沙市。1951年毕业于清华大学电机工程系。     1995年当选中国工程院院士。
张明高,    电波传播专家，主要从事无线电波传播研究。1937年12月出生于湖北省京山市。1962年毕业于武汉大学。     1999年当选中国工程院院士。
张锡祥,    雷达对抗专家，主要从事雷达对抗等方面研究。1933年5月出生于山西省文水县。1958年毕业于西安电子科技大学。     1999年当选中国工程院院士。
张钟华,    电磁计量专家，主要从事电磁计量国家基准研究。1940年7月出生于江苏省苏州市。1965年毕业于清华大学工程物理系高电压工程专业，获硕士学位。     1995年当选中国工程院院士。
钟山,    制导系统工程专家，主要从事国防科研武器装备研究。1931年1月出生于四川省成都市。1957年毕业于中国人民解放军军事工程学院。     1999年当选中国工程院院士。
周立伟,    光电子成像技术专家，主要从事成像电子光学与夜视技术研究。1932年9月出生于上海市。1966年毕业于苏联列宁格勒电工学院，获苏联物理数学副博士学位。     1999年当选中国工程院院士。
周寿桓,    激光与光电子专家，主要从事固体激光工程及应用的研究。1937年4月出生于四川省成都市。1962年毕业于中国科学技术大学物理系。     2003年当选中国工程院院士。
周仲义,    信息技术专家，主要从事信息技术研究。1935年8月出生于上海市。1956年毕业于中央军委技术干部学校。     1994年当选中国工程院院士。
朱高峰,    通信技术与管理专家，主要从事电信科学研究。1935年5月出生于上海市。1958年毕业于苏联列宁格勒电信工程学院，获工程师学位。     1994年当选中国工程院院士。
庄松林,    光学专家，主要从事光学工程研究。1940年8月出生于贵州省贵阳市。1982年毕业于美国宾夕法尼亚州立大学电子工程系，获博士学位。     1995年当选中国工程院院士。
曹湘洪,    石油化工专家，主要从事石油化工工程技术及装备开发与技术管理研究。1945年6月出生于江苏省江阴市。1967年毕业于南京工业大学（原南京化工学院）。     1999年当选中国工程院院士。
柴立元,    冶金环境工程专家，主要从事有色冶金环境工程领域研究。1966年9月出生于江西省万年县，1997年毕业于中南大学（原中南工业大学），获工学博士学位。     2019年当选中国工程院院士。
陈芬儿,    精细有机化工和原料药制造专家，主要从事精细有机化工原料药制造技术及工程化研究。1958年4月出生于江西省抚州市。1999年毕业于四川大学有机化学专业，获博士学位。     2015年当选中国工程院院士。
陈建峰,    化学工程专家，主要从事超重力技术与纳米材料研究。1965年8月出生于浙江省慈溪市。1992年毕业于浙江大学，获博士学位。     2015年当选中国工程院院士。
陈祥宝,    复合材料专家，主要从事先进树脂基复合材料和结构/功能一体化复合材料研究。1956年4月出生于江苏省常熟市。1991年毕业于鲁汶大学（UCL），获工学博士学位。     2011年当选中国工程院院士。
戴厚良,    石油化工专家，主要从事石油化工生产和技术研发。1963年8月出生于江苏省扬州市。2006年毕业于南京工业大学化学工程专业，获工学博士学位。     2017年当选中国工程院院士。
邓龙江,    电磁功能材料专家，主要从事电磁辐射控制材料领域的基础理论、制备技术和工程应用研究。1966年11月出生于四川省安岳县。1990年毕业于电子科技大学，获硕士学位。     2021年当选中国工程院院士。
丁文江,    轻合金研究专家，主要从事先进镁合金材料及其精密成形研究。1953年3月出生于上海市。1981年毕业于上海交通大学。     2013年当选中国工程院院士。
董绍明,    陶瓷基复合材料专家，主要从事陶瓷基复合材料基础与工程化研究。1962年10月出生于山东省莱州市。1996年毕业于中国科学院上海硅酸盐研究所，获工学博士学位。     2019年当选中国工程院院士。
付贤智,    无机化工专家，主要从事光催化领域的基础与应用研究。1957年7月出生于福建省邵武市。1991年毕业于北京大学化学系，获理学博士学位。     2009年当选中国工程院院士。
傅正义,    高性能陶瓷材料专家，主要从事高性能陶瓷与多功能复合材料研究。1963年1月出生于湖北省随州市。1994年毕业于武汉理工大学，获博士学位。     2021年当选中国工程院院士。
干勇,    冶金材料专家，主要从事冶金、新材料及现代钢铁流程技术研究。1947年8月出生于四川省内江市。1987年毕业于钢铁研究总院，获博士学位。     2001年当选中国工程院院士。
宫声凯,    航空发动机高温金属结构材料与热障涂层专家，主要从事航空发动机高压涡轮叶片用金属间化合物基单晶合金、单晶叶片和热障涂层材料技术与设备等方面的研究。1956年7月出生于辽宁省盖县。1988年毕业于日本东京工业大学，获工学博士学位。     2019年当选中国工程院院士。
何季麟,    冶金与材料工程专家，主要从事有色金属冶金与新材料研究。1945年9月出生于河南省开封市。1969年毕业于北京钢铁学院，获学士学位。     2001年当选中国工程院院士。
黄伯云,    粉末冶金专家，主要从事粉末冶金理论、技术与材料，无机非金属复合材料及有色金属材料研究。1945年11月出生于湖南省南县市。1986年毕业于美国衣阿华州立大学，获博士学位。     1999年当选中国工程院院士。
黄小卫,    有色金属冶金专家，主要从事稀土冶金与材料研究。1962年1月出生于湖南省常德市。2008年毕业于东北大学，获工学博士学位。     2017年当选中国工程院院士。
蹇锡高,    有机高分子材料专家，主要从事有机高分子材料及其加工应用研究。1946年1月出生于重庆市江津区。1981年毕业于大连理工大学，获硕士学位。     2013年当选中国工程院院士。
姜德生,    光纤传感领域专家，主要从事光纤传感新技术研究。1949年3月出生于湖北省武汉市。1975年毕业于武汉建筑材料工业学院。     2007年当选中国工程院院士。
姜涛,    冶金工程专家，主要从事矿产资源团矿精加工与提取冶金研究。1963年10月出生于安徽省淮北市。1991年毕业于中南大学，获博士学位。     2021年当选中国工程院院士。
李贺军,    碳纤维增强复合材料专家，主要从事高性能碳纤维增强复合材料研究。1957年12月出生于河南省驻马店市。1991年毕业于哈尔滨工业大学，获博士学位。     2019年当选中国工程院院士。
李卫,    磁学与磁性材料专家，主要从事高性能稀土永磁新材料、产业化关键技术研发和创新工作。1957年12月出生于北京市。1982年毕业于山东大学。     2015年当选中国工程院院士。
李言荣,    电子信息材料专家，主要从事电子薄膜材料与器件应用研究。1961年7月出生于四川省射洪市。1992年毕业于中国科学院长春应用化学研究所，获博士学位。     2011年当选中国工程院院士。
李元元,    粉末冶金和铸造专家，主要从事粉末冶金和有色合金研究。1958年10月出生于广东省梅州市。1998年毕业于华南理工大学，获工学博士学位。     2013年当选中国工程院院士。
李仲平,    航天复合材料专家，主要从事航天极端环境复合材料应用基础和工程应用研究。1964年8月出生于湖北省安陆市。2010年毕业于北京航空航天大学，获博士学位。     2013年当选中国工程院院士。
刘炯天,    矿物加工专家，主要从事分离过程强化与微细粒矿物分选的理论研究与工程实践研究。1963年1月出生于河南省西峡县。1983年毕业于中国矿业大学，获工学博士学位。     2009年当选中国工程院院士。
刘正东,    钢铁冶金与材料专家，主要从事电站动力工程用钢冶金技术及其工程应用研究。1966年10月出生于内蒙突泉（原属吉林白城）。2001年毕业于不列颠哥伦比亚大学钢铁冶金专业，获博士学位。     2019年当选中国工程院院士。
刘中民,    煤化工、石油化工专家，主要从事能源化工领域催化新过程研究与开发。1964年9月出生于河南省周口市。1990年毕业于中国科学院大连化学物理研究所，获博士学位。     2015年当选中国工程院院士。
毛新平,    金属压力加工专家，主要从事先进钢铁制造流程和高性能钢铁材料研究。1965年6月出生于湖北省鄂州市。2006年毕业于北京科技大学，获博士学位。     2015年当选中国工程院院士。
聂祚仁,    难熔金属粉末冶金和铝合金领域专家，主要从事有色金属冶金材料及加工领域教学与科研工作。1963年1月出生于湖南省长沙市。1997年毕业于中南大学（原中南工业大学），获博士学位。     2017年当选中国工程院院士。
潘复生,    轻金属专家，主要从事镁合金、铝合金、工具钢等方面研究。1962年7月出生于浙江省（自治区）兰溪市（县）。1995年毕业于西北工业大学，获工学博士学位。     2017年当选中国工程院院士。
彭金辉,    有色金属冶金专家，主要从事微波冶金基础理论、装备技术及工程应用研究。1964年12月出生于云南省景东市。1992年毕业于昆明理工大学有色金属冶金专业，获工学博士学位。     2017年当选中国工程院院士。
彭寿,    玻璃新材料专家，主要从事玻璃新材料科研、设计和产业化研究。1960年10月出生于安徽省桐城市。2001年毕业于武汉理工大学，获硕士学位。     2019年当选中国工程院院士。
钱锋,    自动控制和过程系统工程专家，主要从事化工过程资源与能源高效利用的系统运行智能控制和实时集成优化理论方法与关键技术研究。1961年4月出生于江苏省扬中县。1995年毕业于华东理工大学，获工学博士学位。     2015年当选中国工程院院士。
钱旭红,    有机化工专家，主要从事绿色农药和功能染料研究。1962年2月出生于江苏省扬州宝应市。1988年毕业于华东化工学院（华东理工大学），获工学博士学位。     2011年当选中国工程院院士。
邱冠周,    矿冶工程专家，主要从事低品位、复杂难处理金属矿产资源加工利用，铁矿细磨精选和直接还原等相关研究。1949年2月出生于广东省梅州市。1987年毕业于中南工业大学，获博士学位。     2011年当选中国工程院院士。
任其龙,    化学工程专家，主要从事化工分离、制药工程领域研究。1959年1月出生于浙江省东阳县。1998年毕业于浙江大学，获工学博士学位。     2019年当选中国工程院院士。
沈政昌,    矿物加工专家，主要从事选冶过程技术研究、设计及工程化。1960年6月出生于江苏省常熟市。2008年毕业于北京科技大学，获博士学位。     2021年当选中国工程院院士。
孙传尧,    矿物加工工程专家，主要从事矿物加工及复杂多金属矿产资源综合利用研究。1944年12月出生于黑龙江省饶河县。1981年毕业于北京矿冶研究总院选矿专业，获硕士学位。     2003年当选中国工程院院士。
谭天伟,    生物化工专家，主要从事工业酶开发及应用、生物基化学品与生物能源的绿色制造等领域的研究。1964年2月出生于湖南省湘潭市。1986年毕业于清华大学，获博士学位。     2011年当选中国工程院院士。
屠海令,    电子材料专家，主要从事硅及硅基半导体材料、化合物半导体材料、新型传感材料研究。1946年10月出生于北京市。1983年毕业于英国巴斯大学，获博士学位。     2007年当选中国工程院院士。
涂善东,    化工装备安全技术专家，主要从事高温高压设备安全技术研究。1961年11月出生于福建省龙岩市。1988年毕业于南京化工学院，获博士学位。     2019年当选中国工程院院士。
王迎军,    生物材料科学与工程专家，主要从事生物医用材料研究。1954年7月出生于河北省唐县。1997年毕业于华南理工大学，获博士学位。     2015年当选中国工程院院士。
王玉忠,    有机高分子材料专家，主要从事高分子材料的功能化与高性能化、降解与回收循环利用等领域的研究。1961年6月出生于山东省威海市。1994年毕业于四川大学，获博士学位。     2015年当选中国工程院院士。
吴锋,    新能源材料科学专家，主要从事新能源材料研究。1951年6月出生于北京市。1981年毕业于太原工学院，获硕士学位。     2017年当选中国工程院院士。
吴以成,    功能材料专家，主要从事非线性光学材料研究。1946年11月出生于广西玉林市。1986年获中国科学院福建物质结构研究所博士学位。     2005年当选中国工程院院士。
谢建新,    材料加工工程专家，主要从事金属凝固、加工和热处理及其关键装备的研究。1958年6月出生于湖南省双峰县。1991年毕业于日本东北大学，获工学博士学位。     2015年当选中国工程院院士。
邢丽英,    航空结构功能一体化复合材料技术专家，主要从事先进树脂基复合材料多功能化技术研究。1965年2月出生于山东省烟台市。2003年毕业于北京航空航天大学，获博士学位。     2021年当选中国工程院院士。
徐惠彬,    金属材料专家，主要从事先进航空发动机高温材料和特种功能材料的科学研究、工程应用和人才培养。1959年7月出生于吉林省大安市。1992年毕业于德国柏林工业大学，获博士学位。     2011年当选中国工程院院士。
徐南平,    化学工程专家，主要从事膜科学与技术及材料化学工程研究。1961年4月出生于安徽省桐城市。1989年毕业于南京化工学院（现南京工业大学），获工学博士学位。     2005年当选中国工程院院士。
杨为民,    有机化工专家，主要从事有机化工领域的应用基础研究与工程技术开发。1966年4月出生于山东省烟台市。1994年毕业于南京大学，获博士学位。     2021年当选中国工程院院士。
应汉杰,    生物制药工程专家，主要从事事生物与制药工程领域研究。1969年7月出生于浙江省慈溪市。1998年毕业于南京化工大学，获博士学位。     2021年当选中国工程院院士。
张联盟,    功能梯度复合材料专家，主要从事先进复合材料研究。1955年1月出生于湖北省天门市。1997年毕业于日本东北大学，获博士学位。     2017年当选中国工程院院士。
张立群,    橡胶材料专家，主要从事高性能橡胶纳米复合材料、绿色橡胶材料和特种功能橡胶材料研究。1969年12月出生于内蒙古自治区多伦县。1995年毕业于北京化工大学，获工学博士学位。     2021年当选中国工程院院士。
张平祥,    超导材料专家，主要从事实用化低温和高温超导材料制备技术等研究。1965年3月出生于陕西省宝鸡市。1996年毕业于东北大学，获工学博士学位。     2019年当选中国工程院院士。
张耀明,    无机非金属材料专家，主要从事非通信光纤研究。1943年12月出生于江苏省无锡市。1965年毕业于上海同济大学，获学士学位。     2001年当选中国工程院院士。
郑裕国,    生物化工专家，主要从事医药和农药化学品生物制造工程技术创新研究。1961年11月出生于浙江省象山县。2005年毕业于浙江工业大学，获博士学位。     2017年当选中国工程院院士。
周济,    无机非金属材料专家，主要从事信息功能陶瓷材料与元器件研究。1962年2月出生于吉林省九台县。1991年毕业于北京大学化学系，获理学博士学位。     2017年当选中国工程院院士。
周玉,    先进陶瓷材料专家，主要从事陶瓷相变机理与韧化工艺、多功能航天防热与高温结构用先进陶瓷及复合材料研究。1955年7月出生于黑龙江省五常市。1989年毕业于哈尔滨工业大学，获博士学位。     2009年当选中国工程院院士。
才鸿年,    金属材料专家，主要从事军用新材料研究。1940年1月出生于北京市。1966年毕业于北京科技大学，获研究生学位。     2001年当选中国工程院院士。
陈丙珍,    化工系统工程专家，主要从事化工过程优化与智能化研究。1936年5月出生于江苏省无锡市。1962年毕业于莫斯科门捷列夫化工学院，获技术科学副博士学位。     2005年当选中国工程院院士。
陈景,    贵金属冶金专家，主要从事贵金属冶金物理化学及高原湖泊污染治理研究。1935年3月出生于云南省大理市。1958年毕业于云南大学，获学士学位。     1997年当选中国工程院院士。
陈立泉,    功能材料专家，主要从事锂电池及相关材料研究。1940年3月出生于四川省南充市。1964年毕业于中国科学技术大学，获学士学位。     2001年当选中国工程院院士。
陈蕴博,    陈蕴博，材料领域专家，主要从事材料科学与工程领域研究。1935年1月出生于上海市嘉定区。1955年毕业于浙江大学。     1999年当选中国工程院院士。
崔崑,    金属材料专家，主要从事材料科学的教学研究。1925年7月出生于山东省济南市。1948年毕业于武汉大学，获学士学位。     1997年当选中国工程院院士。
丁传贤,    无机涂层材料专家，主要从事等离子体喷涂涂层材料的设计、制备、应用和相关机理研究。1936年2月出生于江苏省海门市。1959年毕业于复旦大学。     1995年当选中国工程院院士。
傅恒志,    材料及冶金专家，主要从事凝固理论与技术及高温合金研究。1929年8月出生于河南省开封市。1962年毕业于苏联列宁格勒工学院，获副博士学位。     1995年当选中国工程院院士。
高从堦,    化学工程专家，主要从事膜分离与水处理研究。1942年11月出生于山东省即墨市。1965年毕业于山东海洋学院。     1995年当选中国工程院院士。
胡永康,    石油炼制专家，主要从事石油炼制加氢裂化催化剂和加氢技术的研究开发及工业应用转化研究。1940年2月出生于云南省曲靖市。1961年毕业于云南大学化学系，获学士学位。     1997年当选中国工程院院士。
江东亮,    无机材料科学专家，主要从事先进陶瓷的组成、结构、工艺与性能关系的研究与发展。1937年9月出生于上海市。1960年毕业于南京化工学院，获学士学位。     2001年当选中国工程院院士。
金涌,    化学工程专家，主要从事化学反应工程、流态化反应工程教学研究。1935年7月出生于北京市。1959年毕业于原苏联乌拉尔工业大学，获学士学位。     1997年当选中国工程院院士。
柯伟,    金属腐蚀与防护专家，主要从事耐蚀合金及环境敏感断裂研究。1932年12月出生于辽宁省沈阳市。1957年毕业于北京钢铁工业学院。     1997年当选中国工程院院士。
李大东,    石油炼制催化剂及工艺专家，主要从事催化剂及工艺研究。1938年2月出生于北京市。1962年毕业于北京大学。     1994年当选中国工程院院士。
李俊贤,    化工合成专家，主要从事推进剂及聚氨酯研究。1928年3月出生于四川省眉山市。1950年毕业于国立中央技艺高等专科学校。     1995年当选中国工程院院士。
李龙土,    无机非金属材料专家，主要从事无机非金属材料（信息功能陶瓷）的教学和科研工作。1935年11月出生于福建省南安市。1958年毕业于清华大学。     1997年当选中国工程院院士。
刘业翔,    有色金属冶金专家，主要从事轻金属与铝电解及电化学冶金领域节能技术研究与应用。1930年9月出生于湖北省武汉市。1953年毕业于中南矿冶学院，获学士学位。     1997年当选中国工程院院士。
毛炳权,    高分子化工专家，主要从事烯烃聚合工艺和聚合催化剂研究。1933年11月出生于广东省广州市。1959年毕业于莫斯科门捷列夫化工学院，获工程师学位。     1995年当选中国工程院院士。
邱定蕃,    有色冶金专家，主要从事有色冶金、化工冶金研究。1941年10月出生于香港。1962年毕业于南昌大学。     1999年当选中国工程院院士。
桑凤亭,    化学激光专家，主要从事化学激光研究。1942年3月出生于辽宁省大连市。1964年毕业于哈尔滨工业大学。     2003年当选中国工程院院士。
沈寅初,    生物化工专家，主要从事微生物源农药及生物化工研究。1938年7月出生于浙江省嵊州市。1962年毕业于复旦大学，同年入复旦大学攻读研究生课程。     1997年当选中国工程院院士。
舒兴田,    炼油催化专家，主要从事分子筛炼油催化剂的开发和工业应用研究。1940年4月出生于上海市。1964年毕业于华东化工学院，获学士学位。     1999年当选中国工程院院士。
唐明述,    无机非金属材料专家，主要从事混凝土工程寿命的研究。1929年3月出生于四川省安岳县。1956年毕业于南京工学院，获硕士学位。     1995年当选中国工程院院士。
王国栋,    压力加工专家，主要从事钢铁材料轧制理论、工艺、装备与产品方面的研究。1942年10月出生于辽宁省大连市。1981年毕业于北京钢铁研究总院，获硕士学位。     2005年当选中国工程院院士。
王海舟,    冶金分析表征专家，主要从事材料分析表征与评价研究。1940年2月出生于福建省福州市。1963年年毕业于北京大学。     2011年当选中国工程院院士。
王静康,    工业结晶科学与技术专家，主要从事工业结晶科学与技术创新研发及其成果产业转化研究。1938年4月出生于河北省秦皇岛市。1965年毕业于天津大学，获研究生学位。     1999年当选中国工程院院士。
汪燮卿,    有机化工专家，主要从事炼油和石油化工科技开发研究。1933年2月出生于浙江省龙游县。1961年毕业于民主德国麦塞堡化工学院，获自然科学博士学位。     1995年当选中国工程院院士。
汪旭光,    工业炸药与工程爆破专家，主要从事现代工业炸药与工程爆破技术的研究与开发。1939年12月出生于安徽省枞阳县。1963年毕业于安徽大学，获学士学位。     1995年当选中国工程院院士。
王一德,    压力加工专家，主要从事不锈钢、电工钢和轧钢技术研究。1938年12月出生于浙江省杭州市。1966年毕业于北京钢铁学院，获硕士学位。     2005年当选中国工程院院士。
王泽山,    含能材料专家，主要从事含能材料方面的教学与科学研究。1935年10月出生于吉林省吉林市。1960年毕业于哈尔滨军事工程学院。     1999年当选中国工程院院士。
王震西,    磁性与非晶态材料专家，主要从事稀土磁性材料的研究开发及产业化。1942年9月出生于江苏省海门市。1964年毕业于中国科学技术大学，获学士学位。     1995年当选中国工程院院士。
翁宇庆,    钢铁材料专家，主要从事钢结构材料研究。1940年1月出生于四川省西昌市。1984年毕业于美国宾夕法尼亚大学，获博士学位。     2009年当选中国工程院院士。
吴慰祖,    精细化工专家，主要从事精细化工军事应用方面研究。1932年11月出生于江苏省南通市。1953年毕业于北京大学化学系。     1999年当选中国工程院院士。
徐承恩,    炼油工艺设计专家，主要从事炼油厂的工程设计研究。1927年1月出生于浙江省诸暨市。1949年毕业于浙江大学，获学士学位。     1994年当选中国工程院院士。
徐匡迪,    钢铁冶金专家，主要从事电炉炼钢、喷射冶金、钢液二次精炼及熔融还原研究。1937年12月出生于浙江省崇德县。1959年毕业于北京科技大学。     1995年当选中国工程院院士。
薛群基,    特种润滑材料专家，主要从事特种润滑和防护材料研究。1942年11月出生于山东省沂南县。1967年毕业于中国科学院兰州化学物理研究所，获硕士学位。     1997年当选中国工程院院士。
杨启业,    石油与天然气化工专家，主要从事石油化工设计研究。1932年1月出生于江苏省镇江市。1957年毕业于北京石油学院。     1997年当选中国工程院院士。
殷国茂,    轧管工艺与设备专家，主要从事无缝钢管生产工艺、设备以及产品生产开发等研究。1932年1月出生于山东省龙口市。1953年毕业于大连理工大学。     1995年当选中国工程院院士。
殷瑞钰,    冶金学家、钢铁冶金专家、工程哲学专家，主要从事冶金学、冶金工程、工程管理、工程哲学研究。1935年7月出生于江苏省苏州市。1957年毕业于北京钢铁工业学院（现北京科技大学）。     1994年当选中国工程院院士。
余永富,    矿物加工专家，主要从事铁矿及多金属共伴生矿选矿技术研究。1932年9月出生于河南省南召县。1956年毕业于中南矿冶学院（现中南大学），获学士学位。     1995年当选中国工程院院士。
袁晴棠,    石油化工专家，主要从事乙烯技术研究与开发。1938年5月出生于河南省南召市。1961年毕业于天津大学。     1995年当选中国工程院院士。
袁渭康,    化学工程专家，主要从事工业反应器的研究与开发。1935年7月出生于上海市。1962年毕业于华东化工学院。     1995年当选中国工程院院士。
张生勇,    精细化工专家，主要从事不对称合成研究。1939年11月出生于陕西省咸阳市。1982年毕业于（法国）巴黎南大学，获博士学位。     2009年当选中国工程院院士。
张寿荣,    钢铁冶金专家，主要从事钢铁冶金生产、建设及高炉设计工艺等方面研究。1928年2月出生于山东省济南市。1949年毕业于天津北洋大学冶金工程系，获工学学士学位。     1995年当选中国工程院院士。
张文海,    有色冶金专家，主要从事有色冶金工程设计和科学研究。1939年2月出生于福建省福州市。1963年毕业于中南大学（原中南矿冶学院）。     2003年当选中国工程院院士。
张兴栋,    材料科学与工程专家，主要从事生物医用材料研究。1938年4月出生于四川省南充市。1960年毕业于四川大学。     2007年当选中国工程院院士。
赵连城,    光电信息科学与工程专家，主要从事半导体光电功能材料研究。1938年2月出生于江苏省盐城市。1963年毕业于上海交通大学，获学士学位。     2003年当选中国工程院院士。
赵振业,    金属材料专家，主要从事航空超高强度钢应用基础理论、合金设计和工程应用科学与技术研究。1937年11月出生于河南省原阳县。1961年毕业于西北工业大学。     2005年当选中国工程院院士。
周光耀,    无机化工专家，主要从事纯碱制造工程技术研究。1935年12月出生于浙江省宁波市。1961年毕业于大连工学院（现大连理工大学）。     1995年当选中国工程院院士。
周克崧,    材料表面工程专家，主要从事热喷涂、真空镀膜、激光制造及材料表面改性研究。1941年2月出生于上海市。1965年毕业于清华大学。     2009年当选中国工程院院士。
周廉,    稀有金属加工和超导材料专家，主要从事稀有金属加工和超导材料研究。1940年3月出生于吉林省舒兰县。1963年毕业于东北工学院（现东北大学），获学士学位。     1994年当选中国工程院院士。
朱永濬,    核化学化工专家，主要从事核燃料萃取化学及工艺和高放射性废液分离化学的研究。1929年12月出生于上海市。1951年毕业于清华大学。     1995年当选中国工程院院士。
左铁镛,    材料学专家，主要从事难熔金属材料、稀土功能材料、铝镁材料、生态环境材料及循环经济研究。1936年9月出生于北京市。1958年毕业于东北大学。     1995年当选中国工程院院士。
陈勇,    能源与环境专家，主要从事有机固体废弃物能源化与资源化利用理论与技术研究。1957年6月出生于江苏省南京市。1993年毕业于日本名古屋大学，获工学博士学位。     2013年当选中国工程院院士。
程杰成,    油气田开发工程专家，主要从事提高原油采收率技术研究。1962年9月出生于黑龙江省五常市。2000年毕业于大连理工大学，获博士学位。     2021年当选中国工程院院士。
邓建军,    强流脉冲加速器专家，主要从事脉冲功率技术、高功率加速器及其应用研究。1964年4月出生于江西省吉安市。1985年本科毕业于北京工业学院工程光学系，2003年毕业于清华大学工程物理系，获博士学位。     2017年当选中国工程院院士。
邓运华,    海洋油气勘探专家，主要从事海洋油气勘探地质研究。1963年2月出生于湖北省红安县。1985年毕业于江汉石油学院，1988年获硕士学位。     2015年当选中国工程院院士。
多吉,    地质专家，主要从事地热资源、矿产资源及水文地质、工程地质、环境地质领域勘查及综合性研究。1953年9月出生于西藏自治区加查县。1978年毕业于成都理工大学，获学士学位。     2001年当选中国工程院院士。
葛世荣,    煤矿采运工程专家，主要从事矿山采运智能化技术研究。1963年4月出生于浙江省天台县。1989年毕业于中国矿业大学，获矿山机械工程博士学位。     2021年当选中国工程院院士。
顾大钊,    矿山开发水资源保护利用专家，主要从事西部矿区煤炭开发水资源保护利用和煤矿建设工程研究。1958年5月出生于江苏省滨海县。1988年毕业于中国矿业大学，获博士学位。     2015年当选中国工程院院士。
郭剑波,    电力系统专家，主要从事电力系统可靠性、分析控制、FACTS技术等领域的研究。1960年3月出生于湖北省武汉市。1984年毕业于中国电力科学研究院研究生部，获硕士学位。     2013年当选中国工程院院士。
郭旭升,    石油与天然气勘探专家，主要从事石油地质综合研究及勘探研究。1965年4月出生于山东省茌平市。2001年毕业于中国科学院地质与地球物理研究所，获博士学位。     2019 年当选中国工程院院士。
胡晓棉,    核物理工程技术专家，主要从事核物理工程技术研究。1963年10月17日出生于陕西省高陵市。1998年毕业于北京理工大学，获工学博士学位。     2021年当选中国工程院院士。
黄震,    动力机械工程专家，主要从事发动机燃烧、新能源动力和大气污染防治研究。1960年8月出生于上海。1988年毕业于上海交通大学，获博士学位。     2019年当选中国工程院院士。
康红普,    采矿工程专家，主要从事矿山岩体力学与岩层控制技术研究。1965年11月出生于山西省五台县。1991年毕业于中国矿业大学，获博士学位。     2015年当选中国工程院院士。
李根生,    油气钻井与完井工程专家，主要从事新型射流钻完井、智能钻完井、非常规油气压裂改造理论与技术研究。1961年9月出生于安徽省石台县。1998年毕业于石油大学（现中国石油大学（北京）），获工学博士学位。     2015年当选中国工程院院士。
李建刚,    磁约束聚变专家，主要从事聚变堆设计、托卡马克实验、聚变工程技术等领域的研究。1961年11月出生于安徽合肥市。1982年毕业于哈尔滨工程大学动力系，获工学学士学位；1990年毕业于中国科学院等离子体所，获理学博士学位。     2015年当选中国工程院院士。
李宁,    油气地球物理测井专家，主要从事地球物理测井理论方法、复杂储层测井评价体系建立以及大型测井软件研发方面的研究。1958年7月出生于北京市。1989年毕业于中国石油勘探开发研究院研究生部，获博士学位。     2019年当选中国工程院院士。
李晓红,    矿山安全技术专家，主要从事水射流技术及其在煤矿安全工程中的应用研究，1959年6月出生于重庆市，1993年毕业于重庆大学，获工学博士学位。     2011年当选中国工程院院士。
李阳,    油气田开发地质、开发工程专家，主要从事油气藏开发基础理论和关键工程技术研究。1958年10月出生于山东省泰安市。1982年毕业于华东石油学院勘探系，获博士学位。     2013年当选中国工程院院士。
李焯芬,    工程地质学专家，主要从事减灾防灾技术研究。1945年5月出生于广东省中山市。1972年毕业于加拿大西安大略大学，获博士学位。     2003年当选中国工程院院士。
林君,    应用地球物理与探测装备专家，主要从事地质资源的地球物理探测技术方法与智能探测装备研究。1954年7月出生于吉林通化。1982年1月本科毕业于长春地质学院（现吉林大学）应用地球物理系，1988年获工学硕士学位。     2019年当选中国工程院院士。
刘吉臻,    发电厂控制工程专家，主要从事火力发电和新能源电力系统控制研究。1951年8月出生于山西省岚县。1982年毕业于华北电力学院（现华北电力大学）发电厂工程专业，获硕士学位；2007年获华中科技大学教育学博士学位。     2015年当选中国工程院院士。
罗安,    电能变换与控制专家，主要从事电力电子电能变换及其系统控制领域的研究。1957年7月出生于湖南省长沙市。1993年毕业于浙江大学，获博士学位。     2015年当选中国工程院院士。
罗琦,    核动力研发专家，主要从事反应堆研究和核动力工程设计与研发。1967年10月出生于四川省自贡市富顺县。1991年毕业于西安交通大学，获硕士学位。     2019年当选中国工程院院士。
马永生,    沉积学家，石油地质学家，石油天然气勘探专家，主要从事沉积学、石油地质学，石油与天然气勘探研究。1961年10月出生于内蒙古自治区土默特左旗市。1990年毕业于中国地质科学院，获博士学位。     2009年当选中国工程院院士。
毛景文,    矿产资源与地质勘查专家，主要从事金属矿产资源找矿勘查研究。1956年12月出生于山西省运城市。1988年毕业于中国地质科学研究生院，获博士学位。     2017年当选中国工程院院士。
欧阳晓平,    实验核物理学家，主要从事先进脉冲辐射探测技术原理、探测器件与系统研制及实验诊断技术研究。1961年1月出生于海南省海口市。2002年毕业于复旦大学，获博士学位。     2013年当选中国工程院院士。
彭苏萍,    地球物理勘察和燃料电池专家，主要从事地球物理勘察和燃料电池技术研究。1959年6月出生于江西省萍乡市。1988年毕业于中国矿业大学北京研究生部，获博士学位。     2007年当选中国工程院院士。
饶宏,    电力系统工程技术专家，主要从事直流输电重大工程与交直流电网运行领域的系统研究、设计和建设工作研究。1961年2月出生于湖北省武汉市。1983年毕业于华中工学院（华中科技大学），获学士学位。     2021年当选中国工程院院士。
沈国荣,    电力系统继电保护专家，主要从事电力系统保护控制及智能电力装备技术研究、开发和产业化。1949年7月出生于江苏省常州市。1982年毕业于水利电力部南京自动化研究所电力系统及其自动化专业，获工学硕士学位。     1999年当选中国工程院院士。
舒印彪,    输变电工程与电力系统规划专家，主要从事电网运行与电力系统规划、超/特高压输电重大工程建设和技术研发以及能源电力国际标准研究。1958年7月出生于河北省涿州市。1982年毕业于华北电力大学电力系统专业，2007年于武汉大学获博士学位。     2019年当选中国工程院院士。
苏义脑,    油气钻井工程专家，主要从事钻井力学、井眼轨道控制、钻井工艺装备和井下控制工程学研究与应用。1949年7月出生于河南省洛阳市偃师市。1988年毕业于石油勘探开发科学研究院研究生部，获博士学位。     2003年当选中国工程院院士。
孙焕泉,    石油与天然气开发工程专家，主要从事油气田开发理论技术研究。1965年1月出生于山东省诸城市。2002年毕业于中科院地质与地球物理研究所，获博士学位。     2021年当选中国工程院院士。
孙金声,    油气钻井工程专家，主要从事油气井工程理论与技术研究。1965年1月出生于江西省于都县。2006年毕业于西南石油大学，获博士学位。     2017年当选中国工程院院士。
孙龙德,    天然气田开发工程与石油地质专家，主要从事油气地质研究与工程实践。1962年3月出生于山东省寿光市。1983年本科毕业于华东石油学院石油地质专业。2000年毕业于中国科学院地质与地球物理研究所，获博士学位。     2011年当选中国工程院院士。
孙友宏,    地质资源与地质工程专家，主要从事钻探工程理论研究、技术创新和装备研发。1965年7月出生于江苏省如皋市。1998年毕业于原长春地质学院，获博士学位。     2021年当选中国工程院院士。
汤广福,    电力系统电力电子专家，主要从事电力电子化电力系统、柔性交直流输电及其应用研究。1966年8月出生于安徽省滁州市。1996年毕业于中国科学院等离子体物理研究所，获工学博士学位。     2017年当选中国工程院院士。
唐立,    核技术物理研究与设计专家，主要从事核技术应用物理研究。1965年12月出生于宁夏回族自治区石嘴山市。1988年毕业于北京航空航天大学，飞行器设计系，获学士学位。     2017年当选中国工程院院士。
王成山,    电力系统专家，主要从事智能配电系统研究。1962年11月出生于天津市宝坻区。1991年毕业于天津大学，获博士学位。     2021年当选中国工程院院士。
王国法,    煤炭开发与智能矿山专家，主要从事煤炭开采和智能矿山理论、技术与装备研究。1960年8月出生于山东省文登县现威海市南海新区。1982年1月毕业于原山东工学院现山东大学机械系，1985年毕业于原东北工学院现东北大学，获硕士学位。     2017年当选中国工程院院士。
王双明,    煤炭地质与资源勘探专家，主要从事我国含煤盒地成煤地质理论、煤炭资源勘查与煤炭开采地质保障技术研究。1955年5月出生于陕西省岐山县。1977年毕业于西安矿业学院地质系，1983年毕业于武汉地质学院北京研究生部，获工学硕士学位。     2017年当选中国工程院士。
王运敏,    非能源矿产开采领域专家，主要从事金属矿产资源“绿色、安全、高效”开采创新技术与工程应用研究。1955年10月出生于安徽省砀山市。1982年毕业于江西理工大学，获学士学位。     2019年当选中国工程院院士。
武强,    矿山水文地质与工程地质专家，主要从事矿山水防治与资源化利用和矿山环境研究。1959年10月出生于内蒙古自治区呼和浩特市。1991年毕业于中国地质大学（北京），获博士学位。     2015年当选中国工程院院士。
夏佳文,    重离子加速器专家。主要从事粒子加速器技术与工程。1964年7月出生于重庆市涪陵区。1993年获中科院近代物理研究所加速器物理及技术专业博士学位。     2013年当选中国工程院院士。
谢和平,    力学与能源工程专家，主要从事岩石力学、深地科学与绿色能源（地热能、CCUS与低碳技术、海水制氢等）研究。1956年1月出生于湖南省双峰县。1987年毕业于中国矿业大学，获博士学位。     2001年当选中国工程院院士。
谢克昌,    能源化工专家，主要从事煤炭清洁高效利用和能源发展战略研究。1946年10月出生于山西省太原市。1968年天津大学化工系毕业，1981年太原工学院（现太原理工大学）化工系毕业，获硕士学位，1999年日本信州大学获能源工学博士学位。     2003年当选中国工程院院士。
杨春和,    岩石力学专家，主要从事盐岩力学与油气地下储备/非常规油气开发中的水力压裂理论与关键技术研究。1962年1月出生于江西省宜春市。1999年毕业于美国内华达大学，获地质工程博士学位。     2019年当选中国工程院院士。
袁亮,    煤炭开采及瓦斯治理专家，主要从事煤炭开采及灾害防控研究，在煤与瓦斯共采理论和技术创新方面做出了贡献。1960年6月出生于安徽省金寨县。1982年毕业于安徽理工大学采矿工程系，2003年获硕士学位。     2009年当选中国工程院院士。
袁士义,    油气田开发工程专家，主要从事油气田开发技术研究。1956年10月出生于山东省曹县。1986年毕业于法国巴黎居里大学/法国石油研究院，获博士学位。     2005年当选中国工程院院士。
岳光溪,    热能工程专家，主要从事清洁煤技术研究。1945年10月出生于北京市。1970年毕业于清华大学动力与农机系，获学士学位。     2009年当选中国工程院院士。
张来斌,    油气安全科学与工程专家，主要从事油气生产系统及装备安全科学与工程理论、方法和技术研究。1961年9月出生于安徽省铜陵市。1991年毕业于石油大学（北京），获工学博士学位。     2021年当选中国工程院院士。
张铁岗,    采矿安全与工程技术专家，主要从事矿山安全工程，应急救援智能开采研究。1946年9月出生于河南省许昌市。1966年毕业于河南理工大学，获博士学位。     2003年当选中国工程院院士。
张玉卓,    洁净煤技术专家，主要从事煤制油化工技术研究。1962年1月出生于山东省寿光市，1989年毕业于北京科技大学，获工学博士学位。     2011年当选中国工程院院士。
赵文智,    油气地质与资源勘探专家，主要从事我国陆上主要含油气盆地油气成藏地质理论、评价技术与勘探新领域研究。1958年8月出生于河北省昌黎县。1982年初毕业于西北大学地质系，获理学学士学位；2003年中国石油勘探开发研究院获矿产普查与勘探工学博士学位。     2013年当选中国工程院院士。
赵宪庚,    核物理工程技术专家，主要从事凝聚态和核物理研究。1953年11月出生于山西省忻县。1991年毕业于中国工程物理研究院研究生部，获博士学位。     2011年当选中国工程院院士。
赵振堂,    粒子加速器专家，主要从事加速器物理与射频技术、同步辐射光源和自由电子激光研究。1961年5月出生于黑龙江省密山市。1990年毕业于清华大学，获博士学位。     2019年当选中国工程院院士。
周刚,    国防爆炸力学工程专家，主要从事特种材料实验的技术研究和装备研发。1964年6月出生于湖南省涟源市。1995年毕业于北京理工大学，获工学博士学位。     2021年当选中国工程院院士。
周守为,    海洋油气开发专家，主要从事海洋油气开发、提高油气采收率、海洋天然气水合物开发、海洋油气开发相关的海洋工程等。1950年11月出生于四川省蓬溪县。1982年毕业于西南石油大学，获博士学位。     2009年当选中国工程院院士。
安继刚,    核技术及应用专家，主要从事应用核技术研究。1938年1月出生于上海市。1959年毕业于清华大学工程物理系实验核物理专业。     2005年当选中国工程院院士。
陈清泉,    电动汽车、电力驱动和智慧能源学专家，主要从事电动汽车、电力驱动、智慧能源、四网四流融合领域研究。1937年1月出生于印尼马吉朗市。1957年北京矿业学院（现中国矿业大学）毕业，1959年清华大学研究生班进修，1982年获香港大学博士学位，2008年获英国洛夫堡大学荣誉技术博士学位。     1997年当选中国工程院院士
蔡美峰,    岩石力学与采矿工程专家，主要从事采矿和岩土工程地应力测量、采矿设计优化和安全高效开采、矿山动力灾害预测与防控、深部和复杂条件采矿关键理论与技术等研究。1943年5月出生于江苏省如东县。1967年本科毕业于上海交通大学工程力学专业，1981年获北京钢铁学院采矿工程专业硕士学位，1990年获澳大利亚新南威尔士大学采矿岩石力学专业博士学位。     2013年当选中国工程院院士。
岑可法,    工程热物理、能源环境工程专家，主要从事工程热物理、能源高效清洁利用等方面的研究。1935年1月出生于广东省佛山市。1962年毕业于苏联莫斯科包曼高等工业大学，获副博士学位。     1995年当选中国工程院院士。
常印佛,    矿床地质学家，主要从事找成矿及矿勘探研究。1931年7月出生于江苏省泰兴市。1952年毕业于清华大学。     1994年当选中国工程院院士。
陈森玉,    加速器物理专家，主要从事粒子加速器技术与工程研究。1939年12月出生于福建省仙游市。1964年毕业于清华大学。     2001年当选中国工程院院士。
陈毓川,    非能源矿产地质与勘查专家，主要从事非能源矿产资源地质与勘查研究，1934年12月出生于浙江省平湖市。1959年毕业于前苏联顿湼茨理工大学。     1997年当选中国工程院院士。
杜祥琬,    核物理工程技术专家，主要从事核武器物理、强激光和能源战略研究。1938年4月生于河南省南阳市（籍贯开封）。1964年毕业于莫斯科工程物理学院。     1997年当选中国工程院院士。
樊明武,    回旋加速器专家、磁铁理论与工程专家，主要从事粒子加速器技术和应用研究。1943年7月出生于湖北省沙市区。1965年毕业于华中工学院（现华中科技大学）电机工程系。     1999年当选中国工程院院士。
范维澄,    公共安全专家，主要从事公共安全和应急管理的理论、技术和综合应用研究。1943年1月出生于湖北省鄂州市。1965年本科毕业于中国科学技术大学，2013年获英国拉夫堡大学名誉博士学位。     2001年当选中国工程院院士。
傅依备,    核化学与化工专家，主要从事同位素化学、辐射化学和辐射材料改性研究。1929年4月出生于湖南省岳阳县。1960年毕业于原苏联列宁格勒化工学院获副博士学位。     2001年当选中国工程院院士。
古德生,    采矿工程专家，主要从事金属矿床连续开采工艺技术与装备，振动出矿技术，大物料处理连续作业振动设备，矿床开采环境再造与控制，矿山安全技术等研究。1937年10月出生于广东省梅州市。1960年毕业于中南矿冶学院（现中南大学），获学士学位。     1995年当选中国工程院院士。
顾金才,    岩土工程与防护工程加固技术研究专家。主要从事大型岩土工程问题地质力学模型试验研究工作。1939年2月出生于河北省卢龙县。1960年入哈尔滨军事工程学院学习，1965年毕业于西安工程兵工程学院，地下建筑专业。     2001年当选中国工程院院士。
顾心怿,    石油矿业机械专家，主要从事石油矿藏机械、石油海洋平台等研究。1937年1月出生于上海市。1956年毕业于中央燃料工业部干部学校。     1995年当选中国工程院院士。
韩英铎,    电力系统自动化专家，主要从事电力系统安全分析、控制及电力电子技术研究。1938年5月出生于辽宁省沈阳市。分别于1962年和1965年在清华大学电机系本科和研究生毕业，1986年于西德埃尔兰根-纽伦堡大学电力系统研究所获工程科学博士（Dr-Ing）学位。     1995年当选中国工程院院士。
何多慧,    核科学技术专家，主要从事带电粒子加速器物理和技术、同步辐射光源、自由电子激光研究。1939年2月出生于四川省仪陇市。1964年毕业于中国科学技术大学。     1995年当选中国工程院院士。
何继善,    信息物理与工程管理专家，主要从事电磁波传播、探测技术与仪器和工程管理理论研究。1934年9月出生于湖南省长沙市。1960年毕业于长春地质学院。     1994年当选中国工程院院士。
洪伯潜,    煤矿特殊凿井专家，主要从事特殊地层深井钻井法技术研究。1931年12月出生于福建省厦门市。1956年毕业于浙江大学。     1997年当选中国工程院院士。
胡见义,    石油天然气地质与勘探专家，主要从事油气成藏理论、油气勘探与发展战略研究。1934年3月出生于北京市。1959年毕业于原苏联莫斯科石油学院，获副博士学位。     1997年当选中国工程院院士。
胡思得,    核武器工程专家，主要从事核武器理论设计研究。1936年3月31日出生于浙江省宁波市。1958年毕业于复旦大学。     1995年当选中国工程院院士。
黄其励,    热能动力工程专家，主要从事火力发电和可再生能源发电领域研究。1941年1月出生于辽宁省营口市。1968年毕业于南京工学院（现东南大学）热能系，获硕士学位；1987年获日本北海道大学工学博士学位。     1997年当选中国工程院院士。
金庆焕,    海洋地质专家，主要从事海洋地质、海洋石油、天然气水合物勘探研究。1934年10月出生于浙江省临海市。1963年毕业于莫斯科大学地质系石油地质专业，获副博士学位。     1997年当选中国工程院院士。
康玉柱,    石油地质学、油气勘探学专家，主要从事油气发展战略及勘探部署、油气前景评价和选区研究。1936年3月出生于辽宁省北宁市。1960年毕业于长春地质学院，获学士学位。     2005年当选中国工程院院士。
雷清泉,    工程电介质理论材料与应用专家，主要从事高电压与绝缘技术研究。1938年7月出生于四川省岳池市。1962年毕业于西安交通大学电工材料系。     2003年当选中国工程院院士。
李立浧,    电网工程技术专家，主要从事电网技术研究和电网工程建设。1941年7月出生于江苏省建湖县。1967年毕业于清华大学。     2007年当选中国工程院院士。
罗平亚,    石油工程专家，主要从事石油工程与油田应用化学工程理论与技术研究。1940年6月出生于四川省内江市隆昌县。1963年毕业于四川石油学院（现西南石油大学）。     1995年当选中国工程院院士。
倪维斗,    动力机械工程专家，主要从事热能动力系统、煤炭清洁高效利用、可持续发展的能源战略研究。1932年10月出生于上海市。1962年毕业于加里宁工学院，获副博士学位。     1999年当选中国工程院院士。
潘垣,    磁约束聚变技术和高功率脉冲电源技术专家，主要从事磁约束核聚变与等离子体、強磁场与脉冲功率、高压与电器研究，1933年8月出生于湖北宜昌，先后在武汉大学与华中工学院（现华中科技大学）电机系学习，1955年毕业。     1997年当选中国工程院院士。
裴荣富,    开发矿业地质研究专家，主要从事金属矿产成矿系列和综合地质勘查、技术方法研究。1924年8月出生于河北省秦皇岛市。1948年毕业于清华大学理学院地学系，获理学学士学位。     1999年当选中国工程院院士。
彭先觉,    原子核物理学专家，主要从事核武器理论研究与设计。1941年9月出生于湖南省湘潭县。1964年毕业于哈尔滨军事工程学院。     1999年当选中国工程院院士。
钱皋韵,    核燃料工程、同位素分离专家，主要从事中子物理、聚变物理和铀同位素分离等研究。1927年3月出生于上海市。1950年毕业于上海交通大学。     1994年当选中国工程院院士。
钱绍钧,    实验原子核物理专家，主要从事核物理和核技术应用研究。1934年10月出生于浙江省平湖市。1956年毕业于北京大学。     1995年当选中国工程院院士。
邱爱慈,    高功率脉冲技术及应用专家，主要从事高功率脉冲技术与放电等离子体、强流脉冲加速器研究。1941年11月出生于浙江省绍兴市。1964年毕业于西安交通大学电机系。     1999年当选中国工程院院士。
邱中建,    石油地质专家，主要从事石油地质基础理论研究和勘探实践。1933年6月出生于江苏省南京市。1953年毕业于重庆大学，获学士学位。     1999年当选中国工程院院士。
苏万华,    内燃动力工程专家，主要从事内燃机燃烧与控制研究。1941年11月出生于黑龙江省佳木斯市。1965年毕业于天津大学内燃机专业，1968年研究生毕业。     2011年当选中国工程院院士。
孙承纬,    爆炸力学专家，主要从事爆轰物理、激光与物质相互作用及效应、高能量密度动力学研究。1939年12月出生于上海市，籍贯江苏常州。1963年毕业于北京大学数学力学系力学专业。     2003年当选中国工程院院士。
孙玉发,    反应堆工程专家，主要从事核电和核动力工程研究。1937年5月出生于黑龙江省嫩江市。1963年毕业于哈尔滨工业大学。     1999年当选中国工程院院士。
唐西生,    核科学技术专家，主要从事核技术应用研究。1938年1月出生于江苏省宜兴市。1961年毕业于北京航空航天大学，获学士学位。     1997年当选中国工程院院士。
汤中立,    矿产勘查专家，主要从事岩浆成矿理论、小岩体成大矿找矿应用研究。1934年10月出生于安徽省安庆市。1956年毕业于北京地质学院，获学士学位。     1995年当选中国工程院院士。
童晓光,    石油地质和勘探专家，主要从事石油与天然气勘探研究。1935年4月出生于浙江省嵊县，1964年毕业于南京大学。     2005年当选中国工程院院士。
万元熙,    核聚变专家，主要从事磁约束核聚变研究。1939年12月出生于四川省绵竹县，籍贯江苏南京。1967年毕业于北京大学物理系研究生班。     2009年当选中国工程院院士。
王德民,    油气田开发工程专家，主要从事分层开采、化学驱油以及同井注采等四次采油新工艺研究。1937年2月出生于河北省唐山市。1960年毕业于北京石油学院，大学本科毕业。     1994年当选中国工程院院士。
王思敬,    工程地质、环境地质和岩体力学专家，主要从事地质与工程、地质与力学相结合的研究。1934年12月出生于上海市。1963年毕业于前苏联莫斯科地质学院，获副博士学位。     1995年当选中国工程院院士。
闻雪友,    燃气轮机专家，主要从事舰船及工业燃气轮机的设计与应用研究，1940年9月出生于上海市。1961年毕业于上海交通大学，获学士学位。     2005年当选中国工程院院士。
翁史烈,    动力机械专家，主要从事能源系统和燃气轮机研究。1932年5月出生于浙江省宁波市。1952年毕业于交通大学，1962年毕业于原苏联列宁格勒造船学院，获科学技术副博士学位。     1995年当选中国工程院院士。
鲜学福,    矿山安全技术专家，主要从事矿井煤层气理论及其工程应用研究。1929年1月出生于四川省阆中县。1964年毕业于莫斯科矿业学院，获副博士学位。     1999年当选中国工程院院士。
徐大懋,    热力涡轮机和热能工程专家，主要从事热力涡轮机和热能工程的设计与研究。1935年10月出生于安徽省当涂县。1960年毕业于清华大学，1987年获清华大学工程博士学位。     1997年当选中国工程院院士。
许绍燮,    地震学专家，主要从事核爆地震与天然地震监测工程技术研究。1932年1月出生于浙江省绍兴市。1951—1956年在南大、北大物理系听课学习。     1999年当选中国工程院院士。
薛禹胜,    稳定性理论及电力系统自动化专家，主要从事电力系统稳定性量化理论、大电网停电防御系统、能源领域的信息-物理-社会系统等方面的研究。1941年2月出生于江苏省无锡市。1987年毕业于比利时列日大学，获博士学位。     1995年当选中国工程院院士。
杨奇逊,    电力系统自动化专家，主要从事继电保护方面的研究。1937年10月出生于上海。1960年毕业于浙江大学，1982年获澳大利亚新南威尔士大学电气工程博士学位。     1994年当选中国工程院院士。
杨裕生,    核试验技术、电化学专家，主要从事化学储能、电动汽车发展技术路线研究。1932年10月出生于江苏省如皋县。1952年毕业于浙江大学。     1995年当选中国工程院院士。
叶奇蓁,    核电专家，主要从事核电和反应堆工程研究。1934年9月出生于湖北省武汉市。1960年毕业于苏联莫斯科动力学院，获副博士学位。     2003年当选中国工程院院士。
衣宝廉,    燃料电池专家，主要从事电化学工程领域研究。1938年5月出生于辽宁省辽阳县。1962年毕业于吉林大学化学系，获1966年大连化学物理研究所硕士学位。     2003年当选中国工程院院士。
于俊崇,    核动力专家。主要从事反应堆热工水力、事故安全分析和核动力装置总体设计研究工作。1940年12月出生于江苏省盐城市滨海县，1965年7月毕业于南京工学院（今东南大学）动力工程系五年制本科。     2009年当选中国工程院院士。
于润沧,    采矿专家，从事非能源矿产资源智能化、生态化开采研究。1930年3月出生于河北省（原察哈尔省）张家口市。1954年毕业于东北工学院（现东北大学）。     1999年当选中国工程院院士。
余贻鑫,    电力系统仿真和规划专家，主要从事电力系统安全性和稳定性、城市电网规划和智能电网的研究。1936年11月出生于北京密云县。1963年天津大学动力系研究生毕业。     2005年当选中国工程院院士。
曾恒一,    海洋工程技术专家，主要从事海洋石油深水工程技术研究。1939年9月出生于重庆市。1961年毕业于上海交通大学。     1997年当选中国工程院院士。
翟光明,    石油勘探专家，主要从事油气勘探战略研究。1926年8月出生于湖北省宜昌市。1950年毕业于北京大学，获学士学位。     1995年当选中国工程院院士。
张信威,    核技术应用专家，主要从事核技术应用的理论研究。1938年1月出生于湖南省涟源市。1960年7月毕业于北京大学。     2005年当选中国工程院院士。
张勇传,    水电能源专家，从事水资源发展规划、运筹调度、水情信息和数字流域领域的理论和应用研究。1935年3月生于河南省南阳市，1957年毕业于华中工学院（今华中科技大学）。     1997年当选中国工程院院士。
赵文津,    地球物理勘探专家，主要从事深部矿产资源勘查、青藏高原岩石圈与成矿研究，行星科学及地震预报。1931年2月生于天津，1952年毕业于清华物理系     2001年当选中国工程院院士。
郑健超,    高电压技术专家，主要从事高电压测试、防雷和高电压绝缘技术的研究。1939年10月出生于广西南宁市。1965年毕业于清华大学电机工程系研究生部。     1995年当选中国工程院院士。
郑绵平,    盐湖学和地质矿床学专家，主要从事矿床地质和盐湖综合资源及热水矿床研究。1934年11月出生于福建省漳州市。1956年毕业于南京大学，获学士学位。     1995年当选中国工程院院士。
周邦新,    核材料专家，主要从事核材料与核燃料研究。1935年12月出生于湖北省武昌市。1956年毕业于北京钢铁学院（今北京科技大学），获学士学位。     1995年当选中国工程院院士。
周世宁,    矿山瓦斯防治专家，主要从事矿井瓦斯防治的科学研究。1934年1月出生于江苏省扬州市。1953年毕业于中国矿业学院。     1999年当选中国工程院院士。
周永茂,    核反应堆工程专家，主要从事反应堆的设计、建造和应用研究。1931年5月出生于浙江省宁波市。1958年毕业于莫斯科动力学院，获硕士学位。     1995年当选中国工程院院士。
陈军,    航天测绘与地理信息专家，主要从事基础地理信息建模、更新与服务工程科技研究。1956年10月出生于安徽省霍邱县。1983年毕业于武汉测绘学院，获硕士学位。     2019年当选中国工程院院士。
陈湘生,    隧道与地下工程、特殊岩土工程专家，主要从事地下设施建造与运维的韧性基础理论和安全控制智能技术研究。1956年6月出生于湖南省湘潭市。2000年毕业于清华大学，获博士学位。     2017年当选中国工程院院士。
陈政清,    工程力学专家，主要从事结构动力学理论与电涡流减振缓冲技术，桥梁风工程研究。1947年10月出生于湖南省湘潭市。1987年毕业于西安交通大学，获博士学位。     2015年当选中国工程院院士。
崔愷,    建筑学专家，主要从事建筑创作以及建筑学术研究。1957年8月出生于北京。1984年毕业于天津大学，获硕士学位。     2011年当选中国工程院院士。
邓铭江,    干旱区水资源及水利工程专家，主要从事内陆河流域水循环调控与生态环境保护、重大水利工程规划设计与建设管理、西北跨界河流开发与区域水安全研究。1960年6月出生于新疆维吾尔自治区库尔勒市。2007年毕业于河海大学，获博士学位。     2017年当选中国工程院院士。
杜修力,    地震工程专家，主要从事大型工程结构抗震研究。1962年12月出生于四川省广安市。1990年毕业于中国地震局工程力学研究所，获博士学位。     2021年当选中国工程院院士。
杜彦良,    智慧交通与安全运维专家，主要从事工程结构智能监测与长寿命安全保障研究。1956年10月出生于河北省张家口市。1993年毕业于北京航空航天大学，获博士学位。     2013年当选中国工程院院士。
冯夏庭,    岩石力学专家，主要从事深部工程岩体力学与安全研究。1964年9月出生于安徽省潜山县。1992年毕业于东北大学，获博士学位。     2019年当选中国工程院院士。
高宗余,    桥梁工程专家，主要从事大型桥梁的设计与施工技术研究。1964年1月出生于江苏省南京市。2007年毕业于华中科技大学，获博士学位。     2021年当选中国工程院院士。
龚晓南,    岩土工程专家，主要从事土力学及基础工程理论和工程实践研究。1944年10月出生于浙江省金华市。1981年毕业于浙江大学，获博士学位。     2011年当选中国工程院院士。
郭仁忠,    地理信息工程专家，主要从事地理信息技术、智慧城市、国土资源利用与国土空间优化等研究。1956年8月出生于江苏省盐城市。1991年毕业于法国Franche-Comté大学，获博士学位。     2013年当选中国工程院院士。
何华武,"    铁道工程专家,主要从事铁路工程、运输技术工作和铁路科技研究与应用，是中国高铁技术主创人和主要实施推广人之一。1955年8月出生于四川省资阳市。1982年毕业于铁道部科学研究院研究生院，获硕士学位。     2009年当选中国工程院院士。"
胡春宏,    水力学及河流动力学专家，主要从事泥沙运动力学与河床演变、水沙调控技术、江河治理研究。1962年4月出生于山西省晋中市榆次区。1989年毕业于清华大学，获博士学位。     2013年当选中国工程院院士。
胡亚安,    港口、水道、海岸及近海工程专家，主要从事内河水运通航建筑物前沿技术攻关、核心装备研发和重大工程实践研究。1965年2月出生于湖北省云梦县。1986年毕业于南京水利科学研究院，获工学硕士学位。2011年毕业于南京水利科学研究院，获工学博士学位。     2021年当选中国工程院院士。
黄卫,    道路、桥梁及交通工程专家，主要从事道路、桥梁及交通工程研究。1961年4月出生于江苏省南通市。1982年毕业于南京工学院（现东南大学），获博士学位。     2007年当选中国工程院院士。
江亿,    建筑环境与能源应用专家，主要从事建筑节能领域研究。1952年4月出生于北京市。1985年毕业于清华大学，获博士学位。     2001年当选中国工程院院士。
孔宪京,    水工结构专家，主要从事土石坝等土工构筑物抗震理论与工程应用研究。1952年1月出生于江苏省南京市。1990年毕业于大连理工大学，获博士学位。     2017年当选中国工程院院士。
李华军,    海洋工程安全专家，主要从事海洋工程安全分析设计、施工及运维技术研究。1962年2月出生于天津市。2001年毕业于日本京都大学，获博士学位。     2017年当选中国工程院院士。
李建成,    大地测量专家，主要从事地球重力场领域研究。1964年12月出生于内蒙古自治区集宁市。1993年毕业于武汉测绘科技大学，获博士学位。     2011年当选中国工程院院士。
李术才,    隧道与地下工程灾害防控专家，主要从事隧道与地下工程突水突泥等灾害预报与治理研究。1965年12月出生于河北省涞水县。1996年毕业于中国科学院武汉岩土力学研究所，获博士学位。     2019年当选中国工程院院士。
刘加平,    绿色与节能建筑专家，主要从事地域性节能建筑新模式及应用研究。1956年11月出生于陕西省大荔县。1999年毕业于重庆建筑大学，获博士学位。     2011年当选中国工程院院士。
刘加平,    土木工程材料专家，主要从事混凝土收缩裂缝控制和超高性能化研究。1967年1月出生于江苏省南通海安市。2008年毕业于南京工业大学，获博士学位。     2021年当选中国工程院院士。
吕西林,    结构工程专家，主要从事建筑结构抗震减震、混凝土结构理论及结构鉴定加固研究。1955年1月出生于陕西省岐山县。1984年毕业于同济大学，获博士学位。     2019年当选中国工程院院士。
马军,    饮用水安全保障技术专家，主要从事给水预处理、高级氧化、膜法水处理技术研究。1962年7月出生于黑龙江省牡丹江市。1990年毕业于哈尔滨建筑工程学院，获博士学位。     2019年当选中国工程院院士。
梅洪元,    寒地建筑设计领域专家，主要从事寒地建筑设计及其理论研究。1958年7月出生于辽宁省营口市。2000年毕业于哈尔滨工业大学，获博士学位。     2021年当选中国工程院院士。
孟建民,    建筑专家，主要从事建筑设计及其理论研究。1958年2月出生于江苏省徐州市。1990年毕业于东南大学，获博士学位。     2015年当选中国工程院院士。
缪昌文,    土木工程材料专家，主要从事土木工程材料理论与应用技术研究。1957年8月出生于江苏省姜堰市。1982年毕业于南京工学院（现东南大学），获学士学位。     2011年当选中国工程院院士。
聂建国,    结构工程专家，主要从事土木工程结构基础理论、关键技术与工程应用研究。1958年8月出生于湖南省衡阳市。1991年毕业于南斯拉夫铁托格勒大学，获博士学位。     2013年当选中国工程院院士。
钮新强,    水工结构专家，主要从事水工结构工程与高坝通航等设计与研究。1962年7月出生于浙江省湖州市。2005年毕业于华中科技大学，获博士学位。     2013年当选中国工程院院士。
欧进萍,    结构工程专家，主要从事结构监测、控制与防灾减灾研究。1959年3月出生于湖南省宁远县。1987年毕业于哈尔滨工业大学，获博士学位。     2003年当选中国工程院院士。
彭永臻,    污水处理专家，主要从事污水生物处理与脱氮除磷理论、新工艺新技术与工程应用研究。1949年2月出生于黑龙江省哈尔滨市。1995年毕业于哈尔滨工业大学，获博士学位。     2015年当选中国工程院院士。
秦顺全,    桥梁工程专家，主要从事大型桥梁工程设计与施工技术研究。1963年7月出生于四川省绵竹市。1987年毕业于西南交通大学，获硕士学位。     2009年当选中国工程院院士。
任辉启,    武器效应与工程防护专家，主要从事武器毁伤效应、工程防护技术及应用基础理论等研究。1953年5月出生于湖南省长沙市。1980年毕业于北京大学，1992年毕业于中国科学技术大学，1997年毕业于西南交通大学，获博士学位。     2015年当选中国工程院院士。
任南琪,    环境工程专家，主要从事城市水资源与水环境改善对策，污水生物处理工艺、技术与设备，废物资源化及能源化理论与技术，环境微生物系统生物学与生态学研究。1959年3月出生于黑龙江省哈尔滨市。1994年毕业于哈尔滨建筑大学，获博士学位。     2009年当选中国工程院院士。
唐洪武,    平原水动力学与河湖治理工程领域专家，主要从事平原弱动力区多尺度水动力重构的理论方法、工程技术体系与多目标水力智能调控技术研究。1966年9月出生于江苏省建湖县。1996年毕业于河海大学，获博士学位。     2021年当选中国工程院院士。
王超,    水资源保护专家，主要从事水资源保护与水质改善基础理论、创新技术与工程应用研究。1958年7月出生于江苏省滨海县。1995年毕业于河海大学，获博士学位。     2011年当选中国工程院院士。
王复明,    岩土工程专家，主要从事基础设施水灾变防控与非开挖修复技术研究。1957年3月出生于河南省周口市。1987年毕业于大连理工大学，获博士学位。     2015年当选中国工程院院士。
王浩,    水文学及水资源专家，主要从事水文学及水资源基础理论、应用基础和工程技术应用研究。1953年8月出生于北京市。1989年毕业于清华大学，获博士学位。     2005年当选中国工程院院士。
王建国,    城市和建筑设计专家，主要从事现代城市设计、城镇建筑遗产保护等领域的理论、创新技术方法与工程应用研究。1957年7月出生于江苏省常州市。1989年毕业于东南大学，获博士学位。     2015年当选中国工程院院士。
王明洋,    防护工程领域专家，主要从事武器效应与工程防护研究。1966年1月出生于湖北省仙桃市。1994年毕业于原中国人民解放军工程兵工程学院，获工学博士学位。     2021年当选中国工程院院士。
吴志强,    城乡规划专家，主要从事智能城市规划理论与方法研究。1960年8月出生于上海市。1994年毕业于德国柏林工业大学，获博士学位。     2017年当选中国工程院院士。
肖绪文,    建筑工程专家，主要从事建筑施工、绿色施工与绿色建造、信息化建造研究。1953年4月出生于陕西省商洛市。1977年毕业于清华大学。     2013年当选中国工程院院士。
谢先启,    工程爆破专家，主要从事工程爆破基础理论、创新技术与工程应用研究。1960年12月出生于湖北省洪湖市。2005年毕业于武汉科技大学，获工学硕士学位。     2017年当选中国工程院院士。
徐建,    结构工程专家，主要从事振动控制、结构抗震和新型砌体结构研究。1958年8月出生于辽宁省大连市。1988年毕业于湖南大学，获硕士学位。     2019年当选中国工程院院士。
许唯临,    水力学专家，主要从事高坝水力学研究。1963年10月出生于吉林省吉林市。1991年毕业于成都科技大学（现四川大学），获工学博士学位。     2021年当选中国工程院院士。
杨永斌,    结构力学与动力学专家，主要从事桥梁的车辆扫描法、列车引致之土壤波动传播、结构非线性与稳定理论等研究。1954年8月出生于福建省金门县。1984年毕业于康奈尔大学，获博士学位。     2009年当选中国工程院院士。
岳清瑞,    工程结构专家，主要从事工业与民用建筑诊治及碳纤维土木工程应用研究。1962年1月出生于黑龙江省齐齐哈尔市。1988年毕业于冶金工业部建筑研究总院，获硕士学位。     2017年当选中国工程院院士。
张建民,    岩土工程专家，主要从事结构与土体一体化抗震设计理论及方法研究。1960年3月出生于陕西省商洛市。1997年毕业于日本东京工业大学，获博士学位。     2017年当选中国工程院院士。
张建云,    水文水资源专家，主要从事水文水资源、防汛抗旱、气候变化影响、水利信息化、水环境保护与治理等方面的科研工作。1957年8月出生于江苏省沛县。1996年毕业于爱尔兰国立大学，获博士学位。     2009年当选中国工程院院士，2014年当选英国皇家工程院外籍院士。
张喜刚,    桥梁工程专家，主要从事桥梁工程技术和应用研究。1962年3月出生于河南省许昌市。1983年毕业于同济大学，获学士学位。     2019年当选中国工程院院士。
张宗亮,    水工结构工程专家，主要从事高坝工程、水网工程和数字工程研究。1963年5月出生于山东省济南市。2008年毕业于天津大学，获博士学位。     2021年年当选中国工程院院士。
郑健龙,    道路工程专家，主要从事道路工程、岩土工程领域科学研究、技术开发与工程实践。1954年5月出生于湖南省邵东县。2001年毕业于长安大学，获博士学位。     2015年当选中国工程院院士。
钟登华,    水利工程专家，主要从事水利工程仿真与智能建设理论与技术及工程应用研究。1963年11月出生于江西省赣州市，1988年毕业于天津大学获硕士学位，1992年于天津大学获博士学位。     2009年当选中国工程院院士。
周绪红,    结构工程专家，主要从事钢结构与组合结构基础理论和应用研究。1956年9月出生于湖南省南县。1992年毕业于湖南大学土木系，获博士学位。     2011年当选中国工程院院士。
朱合华,    隧道与地下空间工程专家，主要从事数字地下空间工程研究。1962年10月出生于安徽省合肥市。1989年毕业于同济大学，获工学博士学位。     2021年当选中国工程院院士。
庄惟敏,    建筑设计及其理论专家，主要从事建筑设计、建筑策划与后评估理论与实践研究。1962年10月出生于上海市。1992年毕业于清华大学，获博士学位。     2019年当选中国工程院院士。
陈厚群,    水工结构抗震专家，主要从事重大水利水电工程的抗震关键问题研究。1932年5月出生于江苏省无锡市。1958年毕业于前苏联莫斯科动力学院，获学士学位。     1995年当选中国工程院院士。
程泰宁,    建筑学专家，主要从事建筑设计与理论研究。1935年12月出生于江苏省南京市。1956年毕业于东南大学，获学士学位。     2005年当选中国工程院院士。
崔俊芝,    计算数学、计算力学与软件工程专家，主要从事水利工程智能建设基础理论、创新技术与工程应用研究。1938年7月出生于河南省新乡市。1962年毕业于西北工业大学。     1995年当选中国工程院院士。
董石麟,    空间结构专家，主要从事大跨度空间结构工程科技领域研究。1932年12月出生于浙江省杭州市。1960年毕业于原苏联莫斯科建工学院，获副博士学位。     1997年当选中国工程院院士。
冯叔瑜,    爆破工程专家，主要从事定向爆破筑坝技术研究。1924年6月出生于四川省邻水县。1960年毕业于原苏联列宁格勒铁道运输工程学院，获副博士学位。     1995年当选中国工程院院士。
傅熹年,    建筑历史专家，主要从事中国古代建筑史研究。1933年1月出生于北京。1955年毕业于清华大学。     1994年当选中国工程院院士。
何镜堂,    建筑学专家，主要从事建筑设计、教学和研究。1938年4月出生于广东省东莞市。1965年毕业于华南工学院，获硕士学位。     1999年当选中国工程院院士。
江欢成,    工程结构专家，主要从事工程建筑结构设计研究。1938年11月出生于广东省梅州市。1963年毕业于清华大学。     1995年当选中国工程院院士。
李圭白,    市政工程专家，主要从事水处理技术研究。1931年9月出生于河南省偃师县。1955年毕业于哈尔滨工业大学。     1995年当选中国工程院院士。
李猷嘉,    燃气供应专家，主要从事城市燃气研究。1932年11月出生于江苏省常州市。1956年毕业于哈尔滨工业大学。     2001年当选中国工程院院士。
梁文灏,    隧道及地下工程专家，主要从事复杂山区越岭长大隧道以及高原高寒、湿陷性黄土、风沙等特殊地质条件隧道修建及TBM施工技术研究。1941年9月出生于上海市。1964年毕业于同济大学。     2005年当选中国工程院院士。
廖振鹏,    地震工程专家，主要从事地震工程与波动理论研究。1937年2月出生于四川省成都市。1961年毕业于清华大学，获学士学位。     1997年当选中国工程院院士。
林元培,    桥梁专家，主要从事桥梁工程研究。1936年2月出生于上海。1954年毕业于上海土木工程学校。     2005年当选中国工程院院士。
刘经南,    大地测量与卫星导航专家，主要从事大地测量坐标系理论、卫星导航应用、软件开发和重大工程应用方面研究。1943年7月出生于重庆市。1982年毕业于武汉测绘学院，获硕士学位。     1999年当选中国工程院院士。
刘先林,    摄影测量与遥感专家，主要从事航空摄影测量理论与航测仪器研究。1939年4月出生于河北省无极县。1962年毕业于武汉测绘学院，获学士学位。     1994年当选中国工程院院士。
卢耀如,    水文地质、工程地质与环境地质专家，主要从事水文地质工程地质、地质环境与工程效应、岩溶地质研究。1931年5月出生于福建省福州市。1953年毕业于北京地质学院，获学士学位。     1997年当选中国工程院院士。
罗绍基,    发电工程专家，主要从事抽水蓄能发电研究。1933年12月出生于广东省广州市。1955年毕业于清华大学，获学士学位。     1999年当选中国工程院院士。
马国馨,"    建筑学家,主要从事规划和建筑设计，建筑理论和历史的研究。1942年2月出生于山东省济南市，1965年毕业于清华大学建筑系，1991年获工学博士学位。     1997年当选为中国工程院院士。"
马洪琪,    水利水电工程专家，主要从事高坝建设、地下工程及高坝通航研究。1942年10月出生于上海市。1967年毕业于清华大学，获学士学位。     2001年当选中国工程院院士。
马克俭,    结构工程专家，主要从事大跨度空间网格（钢结构、混凝土结构、钢-混凝土组合结构、预应力结构）结构与应用研究。1933年10月出生于湖南省岳阳市。1955年毕业于湖南大学，获学士学位。     2007年当选中国工程院院士。
钱七虎,    防护工程专家，主要从事工程防护理论与技术、地下工程建设理论与技术研究。1937年10月出生，江苏省昆山市人。1965年毕业于苏联莫斯科古比雪夫军事工程学院，获副博士学位。     1994年当选中国工程院院士。
沈世钊,    结构工程专家，主要从事大跨空间结构研究。1933年12月出生于浙江嘉兴。1956年毕业于哈尔滨工业大学，获硕士学位。     1999年当选中国工程院院士。
施仲衡,    城市轨道交通专家，主要从事城市轨道交通规划设计研究。1931年11月出生于江苏省苏州市。1959年毕业于苏联莫斯科铁道运输工程学院，获副博士学位。     1999年当选中国工程院院士。
谭述森,    卫星导航总体设计专家，主要从事大地测量装备研制、卫星导航系统总体设计与工程应用研究。1942年1月出生于重庆开县。1965年毕业于成都电讯工程学院，获学士学位。     2015年当选中国工程院院士。
王光远,    结构力学和工程设计理论专家，主要从事地震工程理论、建筑物空间整体计算理论、工程软设计理论研究。1924年3月出生于河南省温县。1952年毕业于哈尔滨工业大学，获硕士学位。     1994年当选中国工程院院士。
王家耀,    地图学与地理信息工程专家，主要从事数字地图制图、地理信息系统与时空大数据理论、技术与工程应用研究。1936年5月出生于湖北省武汉市。1961年毕业于解放军测绘学院，获学士学位。     2001年当选中国工程院院士。
王景全,    渡河（海）工程专家，主要从事渡河（海）工程特种保障技术、军用浮桥工程、多浮体结构工程理论研究。1937年11月出生于江西省南昌市。1961年毕业于哈尔滨军事工程学院。     2003年当选中国工程院院士。
王瑞珠,    建筑学专家，主要从事建筑理论、城市及建筑史、历史环境保护及规划研究。1940年4月出生于湖南省衡阳市。1963年毕业于清华大学。     2003年当选中国工程院院士。
王小东,    建筑理论与设计专家，主要从事城市与建筑设计理论研究。1939年1月出生于甘肃省兰州市。1963年毕业于西安冶金建筑学院，获学士学位。     2007年当选中国工程院院士。
魏敦山,    建筑设计专家，主要从事体育、观演大空间建筑设计研究。1933年5月出生于浙江省宁波市。1955年毕业于上海同济大学，获本科学位。     2001年当选中国工程院院士。
吴良镛,    建筑学与城市规划专家，主要从事建筑教育及城市规划、建筑设计的理论研究。1922年出生于江苏省南京市。毕业于美国匡溪艺术学院，获硕士学位。     1980年当选中国科学院院士，1995年当选中国工程院院士。
项海帆,    桥梁工程专家，主要从事桥梁工程研究。1935年12月出生于上海。1958年毕业于同济大学，获硕士学位。     1995年当选中国工程院院士。
谢礼立,    地震与防灾工程专家，主要从事地震工程和城市防灾研究。1939年3月出生于上海。1960年毕业于天津大学。     1994年当选中国工程院院士。
杨秀敏,    防护工程专家，主要从事武器爆炸效应及工程防护对策研究。1942年6月出生于河北省青县。1965年毕业于中国科技大学，获学士学位。     1995年当选中国工程院院士。
张超然,    水利水电工程专家，主要从事水利水电工程设计、建设与运行技术工作。1940年8月出生于浙江省温州市。1966年毕业于清华大学。     2003年当选中国工程院院士。
张杰,    给水排水专家，主要从事城市水系统健康循环理论与工程技术研究。1938年2月出生于辽宁省本溪市。1985年毕业于大阪大学，获博士学位。     1997年当选中国工程院院士。
张锦秋,    建筑学专家，主要从事建筑设计研究。1936年10月出生于四川省成都市。1966年毕业于清华大学，获硕士学位。     1994年当选中国工程院院士。
张祖勋,    摄影测量与遥感专家，主要从事数字摄影测量研究。1937年6月出生于江苏省无锡市。1968年毕业于武汉测绘学院，获硕士学位。     2003年当选中国工程院院士。
郑皆连,    桥梁工程专家，主要从事大跨桥梁施工、设计理论研究。 1941年7月出生于四川省内江市。1965年毕业于重庆交通学院，获学士学位。     1999年当选中国工程院院士。
郑颖人,    岩土工程与地下工程专家，主要从事岩土工程研究。1933年1月出生于浙江省镇海县。1968年毕业于北京石油学院，获学士学位。     2001年当选中国工程院院士。
周丰峻,    防护工程专家，主要从事爆炸流体力学基础理论、防护工程大跨度结构创新技术及工程应用研究。1938年7月出生于山东省黄县。1962年毕业于清华大学，获学士学位。     1999年当选中国工程院院士。
周福霖,    工程结构与地震工程专家，主要从事工程抗震隔震、减震与控制理论与工程应用研究。1939年6月出生于广东省汕头市。1984年毕业于加拿大不列颠哥伦比亚大学（UBC），获硕士学位。     2003年当选中国工程院院士。
周镜,    岩土工程专家，主要从事铁路路基建设研究。1925年12月出生于江西省南昌市。1949年毕业于美国俄亥俄州大学，获硕士学位。     1994年当选中国工程院院士。
朱伯芳,    水工结构专家，主要从事现代高坝设计研究。1928年10月出生于江西省鹰潭市。1951年毕业于上海交通大学，获学士学位。     1995年当选中国工程院院士。
陈坚,    发酵工程与轻工生物技术专家，主要从事发酵工程与食品生物技术研究。1962年5月出生于江苏省扬州市。1990年毕业于无锡轻工业学院，获博士学位。     2017年当选中国工程院院士。
陈卫,    食品微生物学专家，主要从事益生菌理论与技术研究。1966年5月出生于江苏省扬州市。2003年毕业于江南大学食品学院，获博士学位。     2019年当选中国工程院院士。
陈文兴,    纺织科学与工程专家，主要从事纤维材料科学与工程研究。1964年12月出生于浙江省绍兴市。1987年毕业于浙江丝绸工学院，获工学硕士学位，1999年毕业于浙江大学，获理学博士学位。     2019年当选中国工程院院士。
段宁,    清洁生产专家，主要从事清洁生产理论方法、典型工业行业高浓度工艺液体实时监测、污染物源头控制技术和设备研究。1949年7月出生于江苏省南京市。1988年毕业于TheUniversityofTexasatAustin，获博士学位。     2011年当选中国工程院院士。
冯起,    生态环境保护与修复专家，主要从事寒旱区生态环境修复与水文水资源研究。1966年3月出生于陕西省横山市。1995年毕业于中国科学院兰州沙漠研究所，获博士学位。     2021年当选中国工程院院士。
高翔,    环境工程专家，主要从事减污降碳的基础与应用研究。1968年10月出生于浙江省杭州市。1995年毕业于浙江大学，获工学博士学位。     2021年当选中国工程院院士。
郝吉明,    环境工程专家，主要从事大气污染及防治研究。1946年8月出生于山东省梁山县。1984年毕业于美国辛辛那提大学，获博士学位。     2005年当选中国工程院院士。
贺泓,    大气污染防治专家，主要从事非均相大气化学和大气污染物催化净化新原理、新方法及其应用的研究。1965年1月出生于河北省邯郸市。1994年毕业于日本东京大学，获化学专业理学博士学位。     2017年当选中国工程院院士。
贺克斌,    环境工程专家，主要从事大气污染防治研究。1962年8月出生于四川省成都市。1990年毕业于清华大学，获博士学位。     2015年当选中国工程院院士。
侯立安,    环境工程专家，主要从事饮用水安全保障、分散点源生活污水处理和人居环境空气净化等方面研究。1957年8月出生于江苏省徐州市。2006年毕业于中国人民解放军防化研究院，获博士学位。     2009年当选中国工程院院士。
蒋兴伟,    海洋卫星工程技术专家，主要从事海洋卫星工程及其相关领域应用研究。1959年3月出生于天津市。1982年本科毕业于山东海洋学院（现中国海洋大学）。获在职博士学位。     2017年当选中国工程院院士。
李家彪,    海洋地质专家，主要从事海底地质科学与探测工程研究。1961年4月出生于浙江省杭州市。2001年毕业于中国科学院海洋研究所，获博士学位。     2015年当选中国工程院院士。
刘文清,    环境监测技术专家，主要从事环境监测技术与装备研究。1954年1月出生于安徽省蚌埠市。1995年毕业于希腊克里特大学，获健康科学博士学位。     2013年当选中国工程院院士。
潘德炉,    遥感专家，主要从事卫星海洋遥感技术研究。1945年12月出生于浙江省东阳市。1968年毕业于南京理工大学。     2001年当选中国工程院院士。
瞿金平,    轻工机械工程专家，主要从事高分子材料加工成型装备技术与理论研究。1957年6月出生于湖北省黄梅县。1987年毕业于华南理工大学，获轻工机械硕士学位，1996年在职获四川大学高分子材料博士学位。     2011年当选中国工程院院士。
曲久辉,    环境工程专家，主要从事水污染防治研究。1957年10月出生于吉林省农安市。1992年毕业于哈尔滨工业大学，获工学博士学位。     2009年当选中国工程院院士。
任发政,    食品科学专家，主要从事乳品科学与营养工程研究。1962年8月出生于辽宁省营口市。2003年毕业于中国农业大学，获博士学位。     2019年当选中国工程院院士。
任洪强,    环境工程专家，主要从事废水处理理论与技术研究。1964年5月出生于河北省涿州市。2000年毕业于无锡轻工大学，获博士学位。     2019年当选中国工程院院士。
单杨,    食品工程专家，主要从事果蔬等食品加工与质量安全研究。1963年2月出生于湖南省株洲市。2007年毕业于中南林业科技大学，获博士学位。     2021年当选中国工程院院士。
石碧,    轻工技术与工程专家，主要从事胶原材料科学与皮革工程研究。1958年6月出生于四川省成都市。1992年毕业于四川大学，获博士学位。     2009年当选中国工程院院士。
宋君强,    数值气象海洋预报和高性能计算专家，主要从事军事大气海洋环境与保障技术研究。1962年7月出生于湖南省宁乡市。1986年毕业于国防科学技术大学，获硕士学位。     2013年当选中国工程院院士。
孙宝国,    香料和食品风味化学专家，主要从事食品科学研究。1961年1月出生于山东省招远县。2003年获清华大学化学工程博士学位。     2009年当选中国工程院院士。
孙晋良,    产业用纺织材料和复合材料专家，主要从事复合材料和产业用纺织材料研究。1946年1月出生于上海市。1968年毕业于上海科学技术大学。     1997年当选中国工程院院士。
王军成,    海洋监测技术专家，主要从事海洋环境技术监测研究。1952年12月出生于山东省招远市。1978年毕业于哈尔滨工业大学。     2021年当选中国工程院院士。
王琪,    塑料加工工程专家，主要从事塑料加工新理论新技术新装备及环境友好高分子材料的研究。1949年7月出生于四川省自贡市。1989年毕业于成都科技大学（现四川大学），获工学博士学位。     2017年当选中国工程院院士。
王桥,    环境监测与环境信息专家，主要从事环境遥感与环境信息化研究。1957年8月出生于重庆市江津区。1996年毕业于武汉测绘科技大学，获博士学位。     2019年当选中国工程院院士。
王双飞,    制浆造纸工程专家，主要从事造纸清洁生产与末端治理研究。1963年9月出生于湖南省攸县。1995年毕业于广州华南理工大学，获博士学位。     2021年当选中国工程院院士。
吴丰昌,    环境基准标准与流域污染防治专家，主要从事环境基准与标准、环境风险评估和污染防治理论技术与应用研究。1965年8月出生于浙江省衢州市。1995年毕业于中国科学院地球化学研究所，获博士学位。     2017年当选中国工程院院士。
吴明红,    环境工程专家，主要从事环境功能材料研发与有机复合污染控制研究。1968年3月出生于福建省浦城县。1999年毕业于中国科学院上海应用物理研究所，获博士学位。     2021年当选中国工程院院士。
吴清平,    食品安全科学技术专家，主要从事微生物安全与健康研究。1962年11月出生于广东省蕉岭县。1999年毕业于华南理工大学，获博士学位。     2015年当选中国工程院院士。
谢剑平,    轻工化学工程专家，主要从事烟草科学与工程研究。1959年8月出生于江苏省常州市。1985年毕业于轻工业部科学研究院，获工学硕士学位。     2011年当选中国工程院院士。
谢明勇,    食品营养科学与技术专家，主要从事多糖与果蔬发酵研究。1957年2月出生于江西省新余市。1997年毕业于德国波恩大学，获博士学位。     2021年当选中国工程院院士。
许健民,    卫星气象专家，主要从事气象卫星数据处理与应用研究和业务工作。1944年8月出生于上海市。1965年毕业于南京气象学院。     1997年当选中国工程院院士。
徐卫林,    纺织科学与工程专家，主要从事纺织工程研究。1969年4月出生于湖北省罗田市。1997年毕业于中国纺织大学纺织学院，获博士学位。     2021年当选中国工程院院士。
徐祖信,    环境工程专家，主要从事流域和城市水环境污染防治研究。1956年4月出生于江西省萍乡市。1988年毕业于河海大学，获博士学位。     2019年当选中国工程院院士。
杨志峰,    环境生态工程专家，主要从事湿地/城市环境生态保护与修复研究。1963年8月出生于河北省辛集市。1989年毕业于清华大学，获博士学位。     2015年当选中国工程院院士。
俞建勇,    纺织科学与工程专家，主要从事纺织材料研究。1964年5月出生于上海市。1991年毕业于中国纺织大学，获博士学位。     2013年当选中国工程院院士。
张偲,    海洋科学工程专家，主要从事海洋生态工程研究。1963年10月出生于海南省文昌市。1998年毕业于中国科学院大学（中国科学院南海海洋研究所），获博士学位。     2013年当选中国工程院院士。
张小曳,    应用气象专家，主要从事天气及气候变化中人类活动作用及碳中和效果评估研究。1963年6月出生于陕西省西安市。1995年毕业于南京大学，获博士学位。     2019年当选中国工程院院士。
张远航,    环境科学专家，主要从事大气环境化学和区域大气复合污染防治研究。1957年7月出生于重庆市。1990年毕业于北京大学，获理学博士学位。     2015年当选中国工程院院士。
朱蓓薇,    食品工程领域专家，主要从事农、水产品精深加工的基础理论和应用研究。1957年3月出生于陕西省咸阳市。2004年毕业于日本冈山大学，获博士学位。     2013年当选中国工程院院士。
朱利中,    土壤污染防治专家，主要从事污染物界面行为调控及土-水污染协同防治研究。1959年10月出生于浙江省绍兴市。1985年毕业于杭州大学，获硕士学位。     2017年当选中国工程院院士。
蔡道基,    环境毒理学专家，主要从事农药环境毒理研究。1935年6月出生于浙江省温岭市。1957年毕业于南京农学院，获学士学位。     2001年当选中国工程院院士。
陈克复,    制浆造纸工程专家，主要从事轻工、制浆造纸及环境领域的科学研究。1942年10月（农历）出生于广东省海丰县。1966年8月毕业于复旦大学力学专业。     2003年当选中国工程院院士。
陈联寿,    气象科学专家，主要从事天气动力、热带气旋方面的研究。1934年3月出生于浙江省定海县。1957年毕业于南京大学。     1999年当选中国工程院院士。
丁德文,    海洋生态工程专家，主要从事海洋生态环境科学研究。1941年2月出生于辽宁省辽阳市。1965年毕业于大连理工大学，获学士学位。     1994年当选中国工程院院士。
丁一汇,    天气气候专家，主要从事气候预测与灾害性天气和气候变化研究。1938年7月出生于安徽省亳州市。1967年毕业于中国科学院研究生院。     2005年当选中国工程院院士。
方国洪,    物理海洋学家，主要从事海洋潮汐和海洋环流研究。1939年12月出生于浙江省瑞安市。1961年毕业于南开大学物理系。     2007年当选中国工程院院士。
侯保荣,    海洋腐蚀防护专家，主要从事海洋工程装备腐蚀防护技术研发及应用研究。1942年1月出生于山东省菏泽市曹县。1994年毕业于东京工业大学，获博士学位。     2003年当选中国工程院院士。
蒋士成,    化纤工程与技术管理专家，主要从事化纤工程与技术开发研究。1934年9月出生于江苏省常州市。1957年毕业于华东化工学院，获本科学位。     1999年当选中国工程院院士。
金翔龙,    海底科学专家，主要从事海洋地质与地球物理研究。1934年11月出生于江苏省南京市。1956年毕业于北京地质学院，获学士学位。     1997年当选中国工程院院士。
李泽椿,    大气科学专家，主要从事天气预报和动力气象研究。1935年6月出生于江苏省南京市。1965年毕业于北京大学（研究生）。     1995年当选中国工程院院士。
刘鸿亮,    环境工程专家，主要从事湖泊环境研究。1932年3月出生于辽宁省大连市。1954年毕业于清华大学。     1994年当选中国工程院院士。
伦世仪,    发酵工程和环境工程专家，主要从事发酵工程研究。1928年11月出生于山东省诸城市。1954年毕业于南京工学院，获学士学位。     1995年当选中国工程院院士。
庞国芳,    食品科学专家，主要从事食品化学污染物检测技术理论与应用研究。1943年10月出生于河北省滦南县。1968年毕业于河北大学。     2007年当选中国工程院院士。
钱易,    环境工程专家，主要从事高效、低耗废水处理新技术，难降解、有毒有害工业废水处理工艺技术，清洁生产、循环经济与生态文明的研究。1936年12月出生于北京市。1959年（硕士）研究生毕业于清华大学。     1994年当选中国工程院院士。
任阵海,    环境工程专家，主要从事大气污染防治研究。1932年11月出生于河北省大名县。1955年毕业于北京大学。     1995年当选中国工程院院士。
唐孝炎,    环境科学专家，主要从事大气环境化学领域研究。1932年10月出生于江苏省太仓市。1953年毕业于北京大学化学系，获硕士学位。     1995年当选中国工程院院士。
王文兴,    环境科学专家，主要从事环境化学研究。1927年10月出生于安徽省萧县市。1952年毕业于山东大学，获学士学位。     1999年当选中国工程院院士。
魏复盛,    环境化学、环境监测专家，主要从事环境监测、环境污染与健康、环境战略咨询等方面的研究。1938年11月出生于四川省简阳县。1964年中国科学技术大学本科毕业。     1997年当选中国工程院院士。
徐祥德,    气象科学专家，主要从事天气动力研究。1942年7月出生于天津市（县）。1981年毕业于中国气象科学研究院，获硕士学位。     2009年当选中国工程院院士。
姚穆,    纺织材料专家，主要从事纺织材料结构与性能研究研究。1930年5月出生于江苏省南通市。1952年毕业于西北工学院，获学士学位。     2001年当选中国工程院院士。
袁业立,    物理海洋学专家，主要从事海洋波动理论、海洋环流理论、海洋遥感应用技术研究和海洋环境数值模式发展。1938年2月出生于山东省荣成市。1982年于美国北卡莱罗纳州立大学，获博士学位。     1995年当选中国工程院院士。
张全兴,    环境工程和高分子材料专家，主要从事树脂吸附理论研究及新型离子交换与吸附树脂研制、高浓度难降解有毒有机废水治理与资源化、绿色聚乳酸系列环境友好材料研发与应用研究。1938年12月出生于江苏省常州市。1962年毕业于南开大学，获学士学位。     2007年当选中国工程院院士。
张懿,    绿色过程工程与环境工程专家，主要从事资源绿色循环利用研究。1939年6月出生于黑龙江省牡丹江市。1963年毕业于年毕业于东北大学冶金物理化学专业，获学士学位。     1999年当选中国工程院院士。
周翔,    纺织化学与染整工程专家，主要从事纺织品功能整理、新型纺织化学品以及染整加工与环境等领域的研究。1934年9月出生于上海市。1955年毕业于华东纺织工学院。     1995年当选中国工程院院士。
柏连阳,    植物保护专家，主要从事杂草防控研究。1967年12月出生于湖南省永州市。2000年毕业于湖南农业大学，获作物栽培学与耕作学博士学位。     2021年当选中国工程院院士。
包振民,    水产遗传育种学专家，主要从事海洋生物遗传学与育种研究。1961年12月出生于山东省烟台市。1997年毕业于青岛海洋大学，获博士学位。     2017年当选中国工程院院士。
曹福亮,    森林培育专家，主要从事银杏、落羽杉、杨树、毛竹等树种的良种选育、培育和加工利用等方面的研究。1957年11月出生于江苏省泰州市。1982年毕业于南京林产工业学院（现名南京林业大学），2004年获英属哥伦比亚大学森林生态学博士学位。     2015年当选中国工程院院士。
陈焕春,    动物传染病学专家，主要从事动物重大传染病与人畜共患传染病病原学与流行病学、分子生物学、基因工程疫苗与分子诊断试剂及动物疫病综合防控等研究。1953年3月出生于湖北省恩施市。1988年毕业于德国慕尼黑大学，获博士学位。     2003年当选中国工程院院士。
陈剑平,    植物病理学专家，主要从事植物病毒学和宏观农业发展战略研究。1963年4月出生于浙江省宁波市。1995年毕业于英国邓迪大学，获博士学位。     2011年当选中国工程院院士。
陈松林,    水产生物技术专家，主要从事鱼类种质保存、基因组资源发掘与分子育种研究。1960年10月出生于湖北省武汉市。1998年毕业于中山大学，获博士学位。     2021年当选中国工程院院士。
陈温福,    农学专家，主要从事北方粳稻育种栽培及生物炭农用理论与技术研究研究。1955年12月出生于辽宁省法库县。1987年毕业于沈阳农业大学，获博士学位。     2009年当选中国工程院院士。
陈学庚,    农业机械设计制造专家，主要从事旱田农业机械关键技术与装备的研究。1947年4月出生于江苏省泰兴市。1968年毕业于新疆兵团奎屯农校。     2013年当选中国工程院院士。
邓秀新,    果树学专家，主要从事柑橘遗传改良和品种选育研究。1961年11月出生于湖南省宜章县。1987年毕业于华中农业大学，获博士学位。     2007年当选中国工程院院士。
侯水生,    动物遗传育种专家，主要从事水禽育种与养殖技术研究。1959年10月出生于陕西省三原县。1999年毕业于中国农业科学院研究生院，获农学博士学位。     2021年当选中国工程院院士。
胡培松,    水稻遗传育种专家，主要从事籼稻品质遗传改良研究。1964年5月出生于浙江省桐庐县。2002年毕业于南京农业大学，获博士学位。     2019年当选中国工程院院士。
蒋剑春,    林产化学工程专家，主要从事生物质热化学转化技术研究。1955年2月出生于江苏省溧阳市。2003年毕业于中国林业科学研究院，获博士学位。     2017年当选中国工程院院士。
金宁一,    病毒学专家，主要从事病毒诊断、疫苗等防控关键技术研究。1956年3月出生于吉林省龙井市。1995年毕业于中国人民解放军农牧大学，获博士学位。     2015年当选中国工程院院士。
康绍忠,    农业水土工程专家，主要从事农业节水与水资源研究。1962年出生于湖南省桃源县。1990年毕业于西北农业大学，获博士学位。     2011年当选中国工程院院士。
康振生,    植物病理学专家，主要从事粮食作物重大病害发生规律与防控技术研究研究。1957年10月出生于四川省安岳市。1990年毕业于西北农林科技大学，获博士学位。     2017年当选中国工程院院士。
李德发,    动物营养与饲料科学专家，主要从事猪营养与饲料研究。1953年12月出生于河北省隆化县。1989年毕业于美国堪萨斯州立大学，获博士学位。     2013年当选中国工程院院士。
李培武,    农产品加工与贮藏工程专家，主要从事农产品质量安全研究。1961年11月出生于山东省菏泽市。2007年毕业于华中农业大学，获博士学位。     2019年当选中国工程院院士。
李天来,    设施园艺专家，主要从事设施园艺教学与研究。1955年11月出生于辽宁省绥中县。1996年毕业于沈阳农业大学，获博士学位。     2015年当选中国工程院院士。
李玉,    菌物学专家，主要从事菌物科学与食用菌工程技术和产业化研究。1944年1月出生于山东省济南市。2000年毕业于日本筑波大学，获博士学位。     2009年当选中国工程院院士。
刘少军,    鱼类遗传育种专家，主要从事鱼类杂交和雌核发育等研究。1962年7月出生于湖南省长沙市。2000年毕业于中山大学，获博士学位。     2019年当选中国工程院院士。
刘旭,    植物种质资源专家，主要从事作物种质资源研究。1953年12月出生于河北省定州市。1997年毕业于中国农业科学院研究生院，获博士学位。     2009年当选中国工程院院士。
刘仲华,    茶学专家，主要从事茶叶加工理论与技术、茶叶深加工与资源利用研究。1965年3月出生于湖南省衡阳市。2014年毕业于清华大学，获博士学位。     2019年当选中国工程院院士。
罗锡文,    农业工程专家，主要从事水稻生产机械化和农业机械与装备机电一体化技术研究。1945年12月出生于湖南省株洲市。1982年毕业于华南农学院（现华南农业大学），获硕士学位。     2009年当选中国工程院院士。
麦康森,    水产养殖专家，主要从事水产动物营养与饲料学研究。1958年10月出生于广东省化州市。1995年毕业于爱尔兰国立大学，获博士学位。     2009年当选中国工程院院士。
南志标,    草业科学专家，主要从事退化草地治理、草类植物病害防治和牧草种质资源评价与品种选育研究。1951年10月出生于河北省曲阳县。1989年毕业于新西兰梅西大学，获博士学位。     2009年当选中国工程院院士。
谯仕彦,    动物营养与饲料科学专家，主要从事动物营养与饲料的基础理论与技术研究。1963年4月出生于四川省南充市阆中市。1997年毕业于中国农业大学，获博士学位。     2021年当选中国工程院院士。
沈建忠,    基础兽医学专家，主要从事动物源性食品药物残留检测技术、动物源病原微生物耐药性形成与控制研究。1963年3月出生于浙江省桐乡市。1997年毕业于中国农业大学，获博士学位。     2015年当选中国工程院院士。
沈其荣,    土壤肥料学专家，主要从事有机类肥料和土壤微生物研究。1957年8月出生于江苏省无锡市。1987年毕业于南京农业大学，获博士学位。     2021年当选中国工程院院士。
宋宝安,    农药学专家，主要从事绿色农药创制与有害生物防控技术研究。1963年4月出生于广东省深圳市。2003年毕业于南京农业大学，获博士学位。     2015年当选中国工程院院士。
唐华俊,    农业土地资源专家，主要从事基于遥感技术的农业土地资源管理研究。1960年10月出生于四川省阆中市。1991年毕业于比利时根特大学，获博士学位。     2015年当选中国工程院院士。
唐启升,    海洋渔业与生态学专家，主要从事海洋生物资源开发与可持续利用以及发展战略研究。1943年12月出生于辽宁省大连市。1961年毕业于黄海水产学院。     1999年当选中国工程院院士。
万建民,    作物遗传育种专家，主要从事水稻优异基因挖掘和分子育种研究。1960年6月出生于江苏省泰兴市。1995年毕业于日本京都大学，获博士学位。     2015年当选中国工程院院士。
王汉中,    作物遗传育种专家，主要从事油菜遗传育种研究。1963年12月出生于湖南省涟源市。1990年毕业于华中农业大学，获博士学位。     2017年当选中国工程院院士。
吴孔明,    植物保护专家，主要从事农业害虫监测预警与防治技术、转基因植物的生态安全与风险管理技术研究。1964年7月出生于河南省固始县。1994年毕业于中国农业科学院研究生院，获博士学位。     2011年当选中国工程院院士。
吴义强,    林业工程专家，主要从事木竹、秸秆资源高效利用与人造板绿色低碳制造领域的研究。1967年7月出生于河南省固始市。2005年毕业于日本国立爱媛大学，获博士学位。     2021年当选中国工程院院士。
许为钢,    小麦育种专家，主要从事小麦遗传改良研究。1958年10月出生于四川省重庆市。1997年毕业于南京农业大学，获农学博士学位。     2021年当选中国工程院院士。
姚斌,    微生物工程专家，主要从事饲料用酶工程研究。1967年10月出生于广西省北海市。1994年毕业于中国农业科学院研究生院，获博士学位。     2019年当选中国工程院院士。
尹飞虎,    尹飞虎专家，主要从事农业滴灌节水和水肥一体化技术研究。1954年12月出生于湖南省平江县。2005年毕业于中国农业大学，获农业推广硕士学位。     2021年当选中国工程院院士。
尹伟伦,    生物学、森林培育专家，主要从事森林培育和生物学学科交叉领域研究。1945年9月出生于天津市。1981年毕业于北京林学院(现北京林业大学），获硕士学位。     2005年当选中国工程院院士。
印遇龙,    动物营养与饲料专家，主要从事猪健康养殖研究。1956年1月出生于湖南省桃源县。1997年毕业于英国Queen’s University of Belfast，获博士学位。     2013年当选中国工程院院士。
喻景权,    蔬菜学专家，主要从事设施蔬菜抗逆优质高产调控技术研究。1963年11月出生于浙江省金华市。1994年毕业于日本鸟取大学，获博士学位。     2021年当选中国工程院院士。
喻树迅,    棉花遗传育种专家，主要从事短季棉育种、无膜棉研发利用等研究。1953年11月出生于湖北省麻城市。2003年毕业于西北农林科技大学，获博士学位。     2011年当选中国工程院院士。
于振文,    小麦栽培专家，主要从事小麦栽培理论与技术研究。1944年6月出生于北京市。1982年毕业于山东农学院，获硕士学位。     2007年当选中国工程院院士。
张福锁,    植物营养专家，主要从事土壤与植物营养、农业资源与环境和农业绿色发展研究。1960年10月出生于陕西省凤翔县。1989年毕业于德国Hohenheim大学，获博士学位。     2017年当选中国工程院院士。
张改平,    动物免疫学和免疫膜层析快速检测技术专家，主要从事动物病毒致病机制、动物重大疫病快速监测技术和食品安全快速检测技术研究。1960年12月出生于河南省内黄县。1993年毕业于英国赫特福德大学，获细胞与分子免疫学博士学位，1994年于英国伦敦大学完成博士后研究工作。     2009年当选中国工程院院士。
张洪程,    作物栽培学与耕作学家，主要从事作物栽培学与耕作学教学、科研及推广工作。1951年2月出生于江苏通州。1975年毕业于江苏农学院。     2015年当选中国工程院院士。
张佳宝,    土壤学专家，主要从事土壤水和物质循环系统模拟、土壤信息快速获取、土壤改良以及地力提升等理论和技术研究。1957年9月出生于江苏省高邮市。1990年毕业于国际水稻研究所/菲律宾大学，获博士学位。     2019年当选中国工程院院士。
张守攻,    森林培育和森林经理专家，主要从事人工林培育和森林可持续经营等研究。1957年7月出生于安徽省淮南市。1990年毕业于北京林业大学，获博士学位。     2017年当选中国工程院院士。
张新友,    植物遗传育种专家，主要从事花生遗传育种研究。1963年8月出生于河南省太康县。1984年毕业于百泉农业专科学校农学系，2011年获浙江大学博士学位。     2015年当选中国工程院院士。
张涌,    动物胚胎工程专家，主要从事动物胚胎生物工程理论和技术研究。1956年3月7日出生于内蒙古自治区和林格尔县。1990年毕业于西北农业大学（现为西北农林科技大学），获博士学位。     2019年当选中国工程院院士。
赵春江,    农业信息技术专家，主要从事数字农业、精准农业和智慧农业技术与装备研究。1964年4月出生于河北省保定市。1993年毕业于北京农业大学，获博士学位。     2017年当选中国工程院院士。
周卫,    土壤肥料学家，主要从事耕地培肥与高效施肥研究。1966年8月出生于江西省湖口县。1995年毕业于中国农业科学院研究生院，获博士学位。     2021年当选中国工程院院士。
朱有勇,    植物病理学专家，主要从事生物多样性控制病虫害研究。1955年11月出生于云南省个旧市。2000年毕业于中国农业大学，获博士学位。     2011年当选中国工程院院士。
邹学校,    蔬菜育种专家，主要从事辣椒种质资源创制、育种技术创新、新品种培育等方面研究。1963年7月出生于湖南省衡阳县。1986年毕业于湖南农学院，获农学硕士学位。     2017年当选中国工程院院士。
陈宗懋,    食品安全与茶树植保专家，主要从事茶叶农药残留和茶树害虫化学生态学理论与控制技术研究。1933年10月出生于上海市。1954年毕业于沈阳农学院，获学士学位。     2003年当选中国工程院院士。
程顺和,    作物遗传育种专家，主要从事小麦遗传育种和栽培研究。1939年9月出生于江苏省溧阳市。1962年毕业于南京农学院（现南京农业大学），获学士学位。     2005年当选中国工程院院士。
戴景瑞,    植物遗传育种专家，主要从事遗传学、玉米遗传育种和生物技术的教学与研究。1934年9月出生于辽宁省海城市。1963年毕业北京农业大学研究生院。     2001年当选中国工程院院士。
范云六,"    中国农业基因工程的奠基人和开拓者。1930年5月出生于湖南省长沙市,1952年毕业于武汉大学农学院农业化学系,1960年毕业于苏联列宁格勒大学生物系微生物学专业,获苏联列宁格勒大学生物系副博士学位。     1997年当选中国工程院院士。"
傅廷栋,    作物遗传育种专家，主要从事油菜杂种优势机理和利用研究。1938年9月出生于广东省郁南市。1965年毕业于华中农业大学，获硕士学位。     1995年当选中国工程院院士。
盖钧镒,    作物遗传育种专家，主要从事大豆种质资源与遗传育种研究。1936年6月出生于江苏省无锡市。1968年毕业于南京农学院，获研究生学位。     2001年当选中国工程院院士。
官春云,    油菜育种栽培专家，主要从事油菜育种与栽培基础理论、创新技术与应用研究。1938年2月出生于湖北省荆州市。1959年毕业于湖南农业大学，获学士学位。     2001年当选中国工程院院士。
管华诗,    海洋药物与生物工程制品专家，主要从事海洋药物及海洋生物资源综合开发利用研究。1939年8月出生于山东省夏津县。1964年本科毕业于山东海洋学院（现中国海洋大学）。     1995年当选中国工程院院士。
李坚,    木材科学与技术专家，主要从事木材仿生功能化基础理论、创新技术与应用研究。1943年2月出生于辽宁省阜新市。1987年毕业于东北林业大学，获博士学位。     2011年当选中国工程院院士。
李佩成,    农业水土工程及水资源与环境专家，主要从事农田水利、水文水资源、地下水渗流、国土整治等领域的教学、科研与工程实践研究。1934年12月出生于陕西省咸阳市。1966年毕业于莫斯科地质勘探学院，获副博士学位。     2003年当选中国工程院院士。
林浩然,    水产养殖专家，主要从事鱼类生理学和鱼类养殖产业研究。1934年11月出生于海南省文昌市。1954年毕业于中山大学，获学士学位。     1997年当选中国工程院院士。
刘秀梵,    动物传染病学专家，主要从事动物疫病流行病学与防制技术研究。1941年5月出生于江苏省靖江市（县）。1965年毕业于苏北农学院。     2005年当选中国工程院院士。
任继周,    草地农业专家，主要从事草业科学教学与研究。1924年11月出生于山东省平原县。1948年毕业于前国立中央大学农学院。     1995年当选中国工程院院士。
荣廷昭,    玉米遗传育种专家，主要从事对玉米数量性状遗传及育种方法的研究。1936年1月出生于重庆市。1957年毕业于四川农学院。     2003年当选中国工程院院士。
山仑,    旱地农业专家，主要从事作物抗旱生理生态和旱地增产研究。1933年1月生于山东省龙口市。1954年毕业于山东农学院，1962年获前苏联科学院植物生理研究所副博士学位。     1995年当选中国工程院院士。
沈国舫,    林学及生态学专家，主要从事森林培育学和森林生态学的教学和研究。1933年11月出生于上海市。1956年毕业于前苏联列宁格勒林学院。     1995年当选中国工程院院士。
石元春,    土壤学专家，主要从事土壤地理学研究。1931年2月出生于湖北省武汉市。1956年北京农业大学土壤农业化学系研究生毕业。     1991年当选中国科学院院士，1994年当选中国工程院院士。
石玉麟,    土地资源专家，主要从事土地资源与区域开发研究。1936年1月出生于福建省福州市。1957年毕业于北京农业大学。     1995年当选中国工程院院士。
束怀瑞,    果树学专家。主要从事果树根系生物学、果树碳、氮营养研究。1929年9月出生于山东淄博。1950年毕业于山东农学院。     2001年当选为中国工程院院士。
宋湛谦,    林产化学加工工程专家，主要从事林产化学加工及应用开发研究。1942年7月出生于上海市。1964年毕业于中国科学技术大学。     1999年当选中国工程院院士。
汪懋华,    农业工程专家，主要从事农业电子信息与电气工程、数字农业、农业装备与机械化工程和智慧农业产业体系发展研究。1932年11月出生于广东省兴宁市。1962年毕业于莫斯科农业机械化于电气化学院，获苏联技术学科副博士学位。     1995年当选中国工程院院士。
吴明珠,    园艺学专家，主要从事新疆甜西瓜育种研究。1930年1月出生于湖北省武汉市。1953年毕业于西南农学院。     1999年当选中国工程院院士。
夏咸柱,    动物病毒学专家，主要从事动物疫病与人兽共患病防控研究。1939年1月出生于江苏省盐城市建湖县。1965年毕业于南京农业大学，获学士学位。     2003年当选中国工程院院士。
向仲怀,    蚕学专家，主要从事家蚕遗传研究。1937年7月出生于重庆市武隆区。1958年毕业于西南农学院，2000年获日本信州大学工学博士学位。     1995年当选中国工程院院士。
辛世文,    农业生物技术专家，主要从事农业生物技术研究。1942年9月出生于广东省湛江市。1974年毕业于美国威斯康辛大学植物生物化学专业，获博士学位。     2003年当选中国工程院院士。
徐洵,    海洋生物工程专家，主要从事海洋基因工程研究。1934年10月出生于福建省建瓯市。1957年毕业于中国医科大学。     1999年当选中国工程院院士。
颜龙安,    作物遗传育种专家，主要从事杂交水稻育种研究。1937年9月出生于江西省萍乡市。1962年毕业于江西农业大学，获学士学位。     2007年当选中国工程院院士。
赵法箴,    水产养殖专家，主要从事海水养殖理论与技术研究。1935年5月出生于山东省烟台莱州市。1958年毕业于山东大学，获学士学位。     1995年当选中国工程院院士。
赵振东,    小麦遗传育种专家，主要从事小麦遗传育种理论及新品种培育研究。1942年9月出生于山东省德州市。1983年毕业于湖南农学院，获硕士学位。     2013年当选中国工程院院士。
曹雪涛,    医学免疫学专家，主要从事天然免疫与炎症的基础研究、肿瘤免疫治疗应用研究。1964年7月出生于山东省济南市。1990年毕业于第二军医大学，获博士学位。     2005年当选中国工程院院士。
陈赛娟,    医学细胞生物学专家，主要从事白血病发病机理与治疗研究。1951年5月出生于上海市。1989年毕业于法国巴黎第七大学，获博士学位。     2003年当选中国工程院院士。
陈薇,    生物安全专家，主要从事生物防御新型疫苗和生物新药研究。1966年2月出生于浙江省兰溪市。1998年毕业于军事医学科学院，获博士学位。     2019年当选中国工程院院士。
陈香美,    肾脏病学专家，主要从事肾脏病学研究。1951年1月出生于朝鲜咸镜北道清津市。1986年毕业于日本北里大学，获博士学位。     2007年当选中国工程院院士。
陈肇隆,    肝脏移植及肝脏外科专家，主要从事普通外科学研究。1950年9月出生于台湾省高雄市。1976年毕业于高雄医学大学，获学士学位。     2007年当选中国工程院院士。
陈志南,    细胞生物学和生物技术药物专家，主要从事细胞与分子医学基础和转化研究。1952年6月出生于江苏省无锡市。2003年毕业于第四军医大学，获博士学位。     2007年当选中国工程院院士。
程京,    医学生物物理学专家，主要从事疾病预防、诊断和预后分子分型芯片技术体系研究。1963年7月出生于北京市。1992年毕业于英国史查克莱大学，获博士学位。     2009年当选中国工程院院士。
丛斌,    医学领域专家，主要从事法医学、病理生理学、中西医结合研究。1957年7月出生于黑龙江省齐齐哈尔市。1998年毕业于河北医科大学，获博士学位。     2011年当选中国工程院院士。
丁健,    肿瘤药理学专家，主要从事肿瘤新靶向分子发现、新作用机制探明、新生物标志物确证研究。1953年2月出生于上海市。1992年毕业于日本国立九州大学，获博士学位。     2009年当选中国工程院院士。
董家鸿,    肝胆外科、肝脏移植专家，主要从事现代肝胆外科理论和技术研究。1960年3月出生于江苏省灌云县。1993年毕业于第三军医大学，获博士学位。     2017年当选中国工程院院士。
樊代明,    消化内科专家，主要从事消化系统疾病的临床与基础研究。1953年11月出生于重庆市。1989年毕业于第四军医大学，获博士学位。     2001年当选中国工程院院士。
范上达,    肝移植及肝胆胰外科专家，主要从事肝移植及肝胆胰外科临床与基础研究。1952年2月出生于香港。1992年毕业于香港大学，获博士学位。     2005年当选中国工程院院士。
范先群,    眼科学专家，主要从事眼眶病和眼肿瘤的临床治疗与基础研究。1964年6月出生于安徽省淮南市。1998年毕业于上海第二医科大学，获博士学位。     2021年当选中国工程院院士。
付小兵,    创伤和组织修复与再生医学专家，主要从事创伤和创伤后的组织修复与再生医学研究。1960年8月出生于四川省资阳市。1993年毕业于西班牙马德里大学，获博士学位。     2009年当选中国工程院院士。
高天明,    神经科学专家，主要从事神经保护及抗抑郁/焦虑的基础和转化研究。1960年10月出生于山西省岢岚县。1994年毕业于中山医科大学，获博士学位。     2021年当选中国工程院院士。
顾晓松,    医学组织工程学与神经再生专家，主要从事组织工程神经与神经再生研究。1953年12月出生于江苏省南通市。1998年毕业于上海医科大学，获博士学位。     2015年当选中国工程院院士。
韩德民,    耳鼻咽喉学专家，主要从事耳鼻咽喉外科临床与基础研究。1951年5月出生于辽宁省大连市。1990年毕业于中国医科大学，获博士学位。     2013年当选中国工程院院士。
韩雅玲,    心血管病专家，主要从事心血管病研究。1953年6月出生于辽宁省沈阳市。1994年毕业于第二军医大学，获博士学位。     2013年当选中国工程院院士。
郝希山,    肿瘤学专家，主要从事肿瘤外科学以及肿瘤流行病学研究。1945年9月出生于河北省阜城县。1970年毕业于天津医科大学，获学士学位。     2003年当选中国工程院院士。
胡盛寿,    心血管外科学专家，主要从事心血管外科临床和基础研究。1957年4月出生于湖北省武汉市。1989年毕业于中国协和医科大学，获硕士学位。     2013年当选中国工程院院士。
黄璐琦,    中药资源与分子生药学专家，主要从事中药资源与分子生药学研究。1968年3月出生于江西省婺源县。1995年毕业于北京医科大学，获博士学位。     2015年当选中国工程院院士。
姜保国,    骨科学专家，主要从事创伤外科临床救治，致力于降低创伤致死率和致残率的学术研究。1961年4月出生于辽宁省沈阳市。1992年毕业于北京医科大学，获博士学位。     2021年当选中国工程院院士。
蒋建东,    药理学专家，主要从事药学研究。1958年11月出生于江苏省南京市。1988年毕业于复旦大学上海医学院，获博士学位。     2021年当选中国工程院院士。
蒋建新,    创伤与野战外科学专家，主要从事战创伤领域高爆武器伤与创伤感染救治研究。1962年12月出生于湖南省新宁县。1995年毕业于第三军医大学，获博士学位。     2021年当选中国工程院院士。
李大鹏,    中药制药学专家，主要从事中药制药工程研究。1950年1月出生于浙江省永嘉县。1977年毕业于上海第一医学院，获学士学位。     2007年当选中国工程院院士。
李兰娟,    感染病（传染病）专家，主要从事感染性疾病及传染病学研究。1947年9月出生于浙江省绍兴市。1973年毕业于浙江医科大学，获学士学位。     2005年当选中国工程院院士。
李松,    药物化学专家，主要从事药物分子设计和合成研究。1963年7月出生于辽宁省本溪市。1992年毕业于吉林大学，获博士学位。     2015年当选中国工程院院士。
李校堃,    微生物与生物技术药学专家，主要从事以生长因子为代表的蛋白质药物基础理论研究与新药研发研究。1964年2月出生于陕西省富平县。1996年毕业于中山医科大学，获博士学位。     2019年当选中国工程院院士。
李兆申,    消化病学专家，主要从事消化内镜和胰腺病诊治研究。1956年10月出生于河北省宁晋县。2007年毕业于第二军医大学，获博士学位。     2017年当选中国工程院院士。
林东昕,    肿瘤遗传学及基因组学专家，主要从事恶性肿瘤发生发展的分子机制及其遗传易感性研究。1955年10月出生于福建省福州市。1986年毕业于北京医科大学，获硕士学位。     2013年当选中国工程院院士。
刘德培,    医学分子生物学专家，主要从事基因表达调控、基因治疗与心血管疾病发病机制研究。1950年5月出生于安徽省阜南县。1986年毕业于中国协和医科大学，获博士学位。     1996年当选中国工程院院士。
刘良,    中医内科专家，主要从事中医药学和风湿病学研究。1957年7月出生于湖南省汉寿县。1990年毕业于广州中医药大学，获博士学位。     2019年当选中国工程院院士。
刘志红,    肾脏病学专家，主要从事肾脏病学临床和基础研究。1958年12月出生于甘肃省临洮县。1989年毕业于第二军医大学，获硕士学位。     2003年当选中国工程院院士。
马丁,    妇产科学专家，主要从事妇科肿瘤及妇科疾病的诊断和治疗研究。1957年4月出生于云南省昆明市。1990年毕业于同济医科大学，获博士学位。     2017年当选中国工程院院士。
宁光,    内分泌代谢病学专家，主要从事内分泌与代谢病临床与基础研究。1963年6月出生于山东省滨州市。1994年毕业于上海第二医科大学，获博士学位。     2015年当选中国工程院院士。
乔杰,    生殖医学专家，主要从事医学细胞生物学及生殖医学研究。1964年1月出生于黑龙江省哈尔滨市。1996年毕业于北京医科大学，获博士学位。     2017年当选中国工程院院士。
尚红,    临床检验诊断及艾滋病防治学专家，主要从事艾滋病毒关键检验领域和临床检验标准领域研究。1960年10月出生于辽宁省铁岭市。1996年毕业于日本山梨医科大学，获博士学位。     2019年当选中国工程院院士。
沈洪兵,    流行病学专家，主要从事肿瘤分子流行病学研究。1964年5月出生于江苏省启东市。1999年毕业于上海医科大学，获博士学位。     2019年当选中国工程院院士。
沈祖尧,    胃肠病学专家，主要从事消化系统疾病研究。1959年10月出生于香港。1992年毕业于加拿大卡尔加里大学，获博士学位。     2011年当选中国工程院院士。
田金洲,    中医脑病专家，主要从事阿尔茨海默病、血管性痴呆、帕金森病以及失眠等脑病的中医药防治研究。1956年12月出生于湖北省天门市。1989、2005年毕业于北京中医学院和英国曼彻斯特大学，获博士学位。     2021年当选中国工程院院士。
田伟,    骨外科专家，主要从事骨科诊疗精准化、微创化、智能化研究。1959年2月出生于北京市。1995年毕业于日本国立弘前大学，获博士学位。     2019年当选中国工程院院士。
田志刚,    免疫学专家，主要从事NK细胞和肝脏免疫学研究。1956年10月出生于新疆维吾尔自治区巴音郭楞蒙古自治州库尔勒市。1989年毕业于白求恩医科大学，获博士学位。     2017年当选中国工程院院士。
王辰,    呼吸病学与危重症医学专家，主要从事呼吸系统疾病研究。1962年8月出生于北京市。1991年毕业于首都医科大学，获博士学位。     2013年当选中国工程院院士。
王广基,    药物代谢动力学专家，主要从事药理学、药物代谢动力学与毒理学研究。1953年4月出生于江苏省扬州市。1995年毕业于新西兰奥塔哥大学，获博士学位。     2013年当选中国工程院院士。
王红阳,    肿瘤学、生化与分子生物学专家，主要从事恶性肿瘤的基础、临床和转化应用研究。1952年1月出生于江苏省徐州市。1992年毕业于德国乌尔姆大学，获博士学位。     2005年当选中国工程院院士。
王俊,    胸外科专家，主要从事胸部微创手术和肺癌治疗研究。1963年11月出生于河南省淮滨县。1989年毕业于北京医科大学，获硕士学位。     2019年当选中国工程院院士。
王军志,    生物制品与生物药学专家，主要从事生物药质量评价关键技术研究。1955年9月出生于甘肃省兰州市。1993年毕业于日本三重大学，获博士学位。     2019年当选中国工程院院士。
王锐,    药物化学与多肽药物专家，主要从事药物化学与多肽药物研究。1963年5月出生于甘肃省兰州市。1988年毕业于兰州大学、日本京都大学，获博士学位。     2017年当选中国工程院院士。
邬堂春,    职业卫生与环境卫生学专家，主要从事空气污染与健康研究。1965年7月出生于四川省简阳市。1993年毕业于同济医科大学，获博士学位。     2021年当选中国工程院院士。
吴以岭,    中医心血管病专家，主要从事中医心血管病临床和基础研究。1949年10月出生于河北省故城县。1982年毕业于南京中医药大学，获硕士学位。     2009年当选中国工程院院士。
夏照帆,    烧创伤外科学专家，主要从事烧创伤疾病的临床和基础研究。1954年3月出生于福建省福州市。1988年毕业于第二军医大学，获博士学位。     2013年当选中国工程院院士。
肖伟,    制药工程学专家，主要从事中药新药创制、生产过程质控、智能制造领域研究。1959年12月出生于江苏省南京市。2004年毕业于南京中医药大学，获博士学位。     2021年当选中国工程院院士。
徐兵河,    肿瘤内科专家，主要从事乳腺癌关键技术研究与抗肿瘤新药研究。1958年2月出生于湖北省大冶市。1999年毕业于中国协和医科大学，获博士学位。     2021年当选中国工程院院士。
徐建国,    医学微生物学专家，主要从事新发、突发、重大、不明原因性传染病疫情的病原学研究。1952年4月出生于山西省平陆县。1993年毕业于中国预防医学科学院，获博士学位。     2011年当选中国工程院院士。
杨宝峰,    药理学专家，主要从事药理学研究。1957年11月出生于吉林省松原市。1988年毕业于同济医科大学，获博士学位。     2009年当选中国工程院院士。
于金明,    放射肿瘤学专家，主要从事精确放射治疗技术研究。1958年1月出生于山东省潍坊市。2003年毕业于山东大学，获博士学位。     2011年当选中国工程院院士。
袁国勇,    医学微生物学专家，主要从事医学微生物学研究。1956年12月出生于香港。1998年毕业于香港大学，获博士学位。     2007年当选中国工程院院士。
詹启敏,    分子肿瘤学专家，主要从事肿瘤分子生物学和肿瘤转化医学研究。1959年1月出生于江西省乐平市。1987年毕业于中国协和医科大学，获硕士学位。     2011年当选中国工程院院士。
张伯礼,    中医内科专家，主要从事心脑血管疾病防治和中医药现代化研究。1948年2月出生于天津市。1982年毕业于天津中医学院，获硕士学位。     2005年当选中国工程院院士。
张学,    医学遗传学专家，主要从事罕见遗传病致病基因研究。1964年7月出生于黑龙江省肇州县。1994年毕业于中国医科大学，获博士学位。     2019年当选中国工程院院士。
张英泽,    骨科学专家，主要从事复杂骨折闭合复位微创固定研究。1953年6月出生于河北省衡水市。1975年毕业于河北医学院，获学士学位。     2017年当选中国工程院院士。
张运,    心血管疾病专家，主要从事心血管病临床和基础研究。1952年9月出生于山东省聊城市。1985年毕业于挪威奥斯陆大学，获博士学位。     2001年当选中国工程院院士。
张志愿,    口腔颌面外科学专家，主要从事口腔颌面部与头颈部肿瘤及脉管畸形的临床和基础研究。1951年5月出生于江苏省吴江县。1991年毕业于上海第二医科大学，获博士学位。     2015年当选中国工程院院士。
赵铱民,    口腔修复学专家，主要从事口腔颌面部缺损修复及功能重建研究。1956年10月出生于陕西省汉中市。1991年毕业于第四军医大学，获博士学位。     2021年当选中国工程院院士。
郑树森,    肝胆胰外科、肝移植学专家，主要从事普通外科学研究。1950年1月出生于浙江省衢州市。1989年毕业于华西医科大学，获博士学位。     2001年当选中国工程院院士。
朱兆云,    中药资源(民族药方向)专家，主要从事低纬高原地区中药、民族药和天然药物的研发研究。1954年3月出生于云南省巍山县。1982年毕业于云南中医学院，获学士学位。     2021年当选中国工程院院士。
巴德年,    免疫学专家，主要从事肿瘤免疫分子机制研究。1938年10月出生于吉林省四平市。1982年毕业于日本北海道大学，获博士学位。     1994年当选中国工程院院士。
陈洪铎,    皮肤性病学专家，主要从事皮肤性病学临床和基础研究。1933年2月出生于浙江省绍兴市。1956年毕业于中国医科大学，获学士学位。     1999年当选中国工程院院士。
陈君石,    营养与食品安全专家，主要从事营养与食品安全研究。1935年6月出生于上海市。1968年毕业于中国医学科学院，获硕士学位。     2005年当选中国工程院院士。
陈亚珠,    高电压技术与生物医学工程专家，主要从事物理治疗肿瘤技术的临床研究。1936年7月出生于浙江省宁波市。1962年毕业于上海交通大学，获学士学位。     1996年当选中国工程院院士。
程书钧,    肿瘤学专家，主要从事肿瘤的化疗病因和癌变机理研究。1939年12月出生于江西省玉山县。1965年毕业于中国协和医科大学，获硕士学位。     1999年当选中国工程院院士。
程天民,    防原医学与病理学专家，主要从事创伤战伤病理研究。1927年12月出生于江苏省宜兴市。1951年毕业于第六军医大学，获学士学位。     1996年当选中国工程院院士。
戴尅戎,    骨科学和骨科生物力学专家，主要从事骨科学和骨科生物力学研究。1934年6月出生于福建省厦门市。1955年毕业于上海第一医学院，获学士学位。     2003年当选中国工程院院士。
高润霖,    心血管病学专家，主要从事心血管病临床及基础研究。1941年5月出生于河北省唐山市。1981年毕业于中国协和医科大学，获硕士学位。     1999年当选中国工程院院士。
顾玉东,    显微外科专家，主要从事手外科、显微外科临床研究。1937年10月出生于山东省章丘县。1961年毕业于上海第一医学院，获学士学位。     1994年当选中国工程院院士。
郭应禄,    泌尿外科和男科学专家，主要从事泌尿外科疾病的临床研究。1930年5月出生于山西省定襄县。1963年毕业于北京医学院，获硕士学位。     1999年当选中国工程院院士。
洪涛,    医学超微结构及病毒学专家，主要从事医学超微结构及病毒学研究。1931年12月出生于山东省荣成市。1960年毕业于罗马尼亚科学院，获博士学位。     1996年当选中国工程院院士。
侯惠民,    药物制剂专家，主要从事药剂学研究。1940年10月出生于上海市。1991年毕业于日本北海道医疗大学，获博士学位。     1996年当选中国工程院院士。
侯云德,    医学病毒学专家，主要从事病毒学相关机制研究。1929年7月出生于江苏省常州市。1962年毕业于苏联医学科学院，获博士学位。     1994年当选中国工程院院士。
胡之璧,    中药学、中药生物工程专家，主要从事中药生物技术研究。1934年11月出生于江苏省南京市。1984年毕业于德国图平根大学，获博士学位。     1994年当选中国工程院院士。
郎景和,    妇产科学专家，主要从事妇产科学研究。1940年4月出生于吉林省珲春市。1964年毕业于白求恩医科大学，获学士学位。     2011年当选中国工程院院士。
李春岩,    神经病学专家，主要从事神经病学临床和基础研究。1938年9月出生于河北省廊坊市。1962年毕业于河北医学院，获学士学位。     2001年当选中国工程院院士。
廖万清,    医学真菌病学专家，主要从事军内外皮肤病、真菌病的防治研究。1938年11月出生于新加坡。1961年毕业于第四军医大学，获学士学位。     2009年当选中国工程院院士。
刘昌孝,    药代动力学专家，主要从事药代动力学研究。1942年4月出生于湖南省永兴县。1965年毕业于北京医学院，获学士学位。     2003年当选中国工程院院士。
刘耀,    法医毒物分析学专家，主要从事法医学研究。1937年11月出生于山西省河曲县。1963年毕业于内蒙古大学，获学士学位。     2001年当选中国工程院院士。
刘玉清,    放射-医学影像学专家，主要从事医学影像学与核医学研究。1923年3月出生于天津市。1951年毕业于北京协和医学院，获硕士学位。     1994年当选中国工程院院士。
陆道培,    血液病学专家，主要从事血液病学临床和基础研究。1931年10月出生于上海市。1955年毕业于同济医学院，获学士学位。     1996年当选中国工程院院士。
秦伯益,    药理学专家，主要从事神经性毒剂药理学研究。1932年11月出生于江苏省无锡市。1959年毕业于苏联莫斯科第一医学院，获副博士学位。     1994年当选中国工程院院士。
邱贵兴,    骨科学专家，主要从事骨科学临床和基础研究。1942年3月出生于江苏省无锡市。1968年毕业于中国协和医科大学，获博士学位。     2007年当选中国工程院院士。
邱蔚六,    口腔颌面外科学专家，主要从事口腔颌面外科学临床和基础研究。1932年10月出生于四川省成都市。1955年毕业于四川医学院，获学士学位。     2001年当选中国工程院院士。
阮长耿,    血液学专家，主要从事血液学—血栓与止血研究。1939年8月出生于上海市。1981年毕业于法国巴黎第七大学，获博士学位。     1997年当选中国工程院院士。
桑国卫,    临床药理学专家，主要从事长效甾体避孕药的药代动力学、种族差异及临床药理学研究。1941年11月出生于上海市。1966年毕业于上海第一医学院，获硕士学位。     1999年当选中国工程院院士。
沈倍奋,    免疫学专家，主要从事生物化学和免疫学研究。1943年5月出生于上海市。1968年毕业于军事医学科学院，获硕士学位。     1997年当选中国工程院院士。
沈渔邨,    精神病学专家，主要从事精神病学与精神卫生学研究。1924年1月出生于浙江省杭州市。1955年毕业于苏联医学科学院，获副博士学位。     1997年当选中国工程院院士。
盛志勇,    烧伤外科专家，主要从事创伤、烧伤外科临床和实验研究。1920年7月出生于上海市。1942年毕业于国立上海医学院，获学士学位。     1996年当选中国工程院院士。
石学敏,    中医、针灸学专家，主要从事中医和针灸临床应用研究。1938年6月出生于天津市。1962年毕业于天津中医学院，获学士学位。     1999年当选中国工程院院士。
孙燕,    临床肿瘤学专家，主要从事肿瘤学研究。1929年2月出生于河北省乐亭县。1956年毕业于北京协和医学院，获博士学位。     1999年当选中国工程院院士。
唐希灿,    药物化学专家，主要从事药物化学研究。1932年12月出生于广东省潮阳县。1957年毕业于北京大学，获学士学位。     2001年当选中国工程院院士。
汤钊猷,    肿瘤外科学专家，主要从事肿瘤临床治疗研究。1930年12月出生于广东省新会县。1954年毕业于上海第一医学院，获学士学位。     1994年当选中国工程院院士。
王琦,    中医学专家，主要从事中医内科学研究。1943年2月出生于江苏省高邮市。1980年毕业于中国中医研究院，获硕士学位。     2019年当选中国工程院院士。
王学浩,    肝胆外科、肝脏移植学专家，主要从事肝胆病学的临床和基础研究。1942年1月出生于江苏省建湖县。1982年毕业于南京医科大学，获硕士学位。     2011年当选中国工程院院士。
王永炎,    中医内科学、神经内科学专家，主要从事中医内科学研究。1938年9月出生于天津市。1962年毕业于北京中医学院，获学士学位。     1997年当选中国工程院院士。
王正国,    野战外科学专家，主要从事创伤与野战外科学研究。1935年12月出生于福建省漳州市。1956年毕业于中国医科大学，获学士学位。     1994年当选中国工程院院士。
王振义,    内科血液学专家，主要从事血液病学研究。1924年11月出生于上海市。1948年毕业于上海震旦大学医学院，获博士学位。     1994年当选中国工程院院士。
闻玉梅,    医学微生物学专家，主要从事乙型肝炎病毒学与免疫学、治疗性疫苗基础理论与应用研究。1934年1月出生于北京市。1956年毕业于上海医学院，获学士学位。     1999年当选中国工程院院士。
吴天一,    高原医学专家，主要从事高原医学研究。1935年6月出生于新疆维吾尔自治区伊犁哈萨克自治州。1956年毕业于中国医科大学，获学士学位。     2001年当选中国工程院院士。
吴咸中,    中西医结合专家，主要从事中西医结合领域研究。1925年8月出生于辽宁省新民市。1948年毕业于沈阳医学院，获学士学位。     1996年当选中国工程院院士。
夏家辉,    人类与医学遗传学专家，主要从事医学遗传学研究。1937年2月出生于湖南省益阳市。1961年毕业于湖南师范学院，获学士学位。     1999年当选中国工程院院士。
项坤三,    内分泌代谢学（糖尿病）专家，主要从事内分泌与代谢学研究。1936年2月出生于天津市。1958年毕业于上海第一医学院，获学士学位。     2003年当选中国工程院院士。
肖培根,    药用植物与中药资源学专家，主要从事中药资源与鉴定学研究。1932年2月出生于上海市。1953年毕业于厦门大学，获学士学位。     1994年当选中国工程院院士。
谢立信,    眼科学专家，主要从事眼科学与耳鼻咽喉科学研究。1942年12月出生于山东省莱州市。1965年毕业于山东医学院，获学士学位。     2001年当选中国工程院院士。
杨胜利,    生物技术专家，主要从事基因工程在酶、发酵和制药工业中的应用研究。1941年1月出生于上海市。1962年毕业于华东化工学院，获学士学位。     1997年当选中国工程院院士。
姚新生,    中药及天然药物化学专家，主要从事中药与天然药物化学研究。1934年10月出生于上海市。1983年毕业于日本东京大学，获博士学位。     1996年当选中国工程院院士。
俞梦孙,    航空医学和生物医学工程专家，主要从事航空、航天、潜海与潜水医学研究。1936年3月出生于浙江省余姚市。1953年毕业于空军军医学校，获学士学位。     1999年当选中国工程院院士。
俞永新,    病毒学专家，主要从事流行性乙型脑炎、狂犬病、出血热等疫苗质量控制、虫媒病毒病病原学和流行病学研究。1929年3月出生于福建省仙游县。1953年毕业于福建协和大学，获学士学位。     2001年当选中国工程院院士。
曾溢滔,    医学遗传学专家，主要从事遗传病的防治以及分子胚胎学的基础和应用研究。1939年5月出生于广东省佛山市。1965年毕业于复旦大学，获硕士学位。     1994年当选中国工程院院士。
张心湜,    泌尿外科专家，主要从事泌尿外科疾病临床和基础研究。1942年6月出生于湖南省常德市。1967年毕业于台湾国防医学院，获学士学位。     2001年当选中国工程院院士。
赵铠,    医学病毒学专家，主要从事病毒疫苗研究。1930年12月出生于江苏省苏州市。1954年毕业于复旦大学，获学士学位。     1997年当选中国工程院院士。
甄永苏,    微生物与生物技术药学、肿瘤药理学专家，主要从事微生物来源的药物研究。1931年11月出生于广东省开平市。1954年毕业于中山医学院，获学士学位。     1997年当选中国工程院院士。
钟南山,    呼吸病学专家，主要从事呼吸系统疾病研究。1936年10月出生于江苏省南京市。1981年毕业于英国爱丁堡大学，获博士学位。     1996年当选中国工程院院士。
钟世镇,    临床解剖学专家，主要从事人体解剖与组织胚胎学研究。1925年9月出生于广东省五华县。1952年毕业于中山大学，获学士学位。     1997年当选中国工程院院士。
周宏灏,    遗传药理学和临床药理学专家，主要从事遗传药理学和临床药理学研究。1939年5月出生于湖南省长沙市。1962年毕业于武汉医学院，获学士学位。     2005年当选中国工程院院士。
周良辅,    神经外科学专家，主要从事神经外科疾病临床和基础研究。1941年7月出生于海南省海口市。1965年毕业于上海第一医学院，获学士学位。     2009年当选中国工程院院士。
朱晓东,    心血管外科专家，主要从事胸心外科学研究。1932年9月出生于河南省开封市。1965年毕业于中国医学科学院，获硕士学位。     1996年当选中国工程院院士。
庄辉,    流行病学、微生物学专家，主要从事病毒性肝炎研究。1935年1月出生于浙江省奉化县。1961年毕业于苏联莫斯科第一医学院，获硕士学位。     2001年当选中国工程院院士。
曹建国,    系统仿真技术专家，主要从事航天航空技术研究和工程管理研究。1963年8月出生于安徽枞阳。1985年毕业于北京航空学院自动控制系飞行控制专业，获学士学位。1988年毕业于航天工业部第三研究院三部，获硕士学位。     2019年当选中国工程院院士。
柴洪峰,    金融信息工程管理专家，主要从事金融交易机制设计、金融系统信息化工程研制建设和相应工程管理研究。1957年5月出生于山东省诸城市。2000年毕业于西南财经大学，获硕士学位。     2015年当选中国工程院院士。
陈晓红,    管理科学与工程、工程管理及数据智能专家，主要从事决策理论与决策支持系统、“两型社会”与生态文明、数据智能与智慧社会等领域研究。1963年5月出生于湖南省长沙市。1999年毕业于日本东京工业大学，获博士学位。     2017年当选中国工程院院士。
丁烈云,    土木与建筑工程管理专家，主要从事数字建造、工程安全理论与技术研究。1955年11月出生于湖北省洪湖市。2002年毕业于同济大学，获博士学位。     2015年当选中国工程院院士。
董尔丹,    心血管病理生理学家，医学科技管理专家，主要从事交感/肾上腺素受体对心血管功能调控机制研究和医学研究创新体系建立和战略规划实施等科技工程管理研究。1959年3月出生于内蒙古自治区包头市。1994年毕业于北京大学（原北京医科大学），获博士学位。     2019年当选中国工程院院士。
范国滨,    高能激光技术与工程管理专家，主要从事激光技术研究。1958年4月出生于北京市。2005年毕业于西安电子科技大学，获博士学位。     2017年当选中国工程院院士。
胡文瑞,    油气田勘探开发与工程管理专家，主要从事低渗透、非常规油气田勘探开发和工程管理研究。1950年2月出生于甘肃省平凉市。1983年毕业于东北石油大学，获学士学位。     2011年当选中国工程院院士。
黄殿中,    信息工程管理专家，主要从事专用通信技术研究和信息工程管理工作。1952年1月出生于江苏省徐州市。2002年毕业于四川大学，获电子与信息工程硕士学位。     2021年当选中国工程院院士。
黄维和,    油气储运工程专家，主要从事油气管道科技与工程管理研究。1957年11月出生于上海市。2005年毕业于中国石油大学（北京），获博士学位。     2013年当选中国工程院院士。
贾伟平,    内分泌代谢病学与慢性病防治管理专家，主要从事糖尿病精准诊疗、预警筛查、发病机制及防治工程管理研究。1956年11月出生，祖籍江苏省镇江市。2003年于上海交通大学医学院（原上海第二医科大学）获博士学位。     2021年当选中国工程院院士。
金智新,    采矿工程技术和安全工程管理专家，主要从事煤炭开采技术和现代化矿区开发工程管理研究。1959年11月出生于辽宁省锦州市。2006年毕业于辽宁工程技术大学，获管理科学与工程博士学位。     2015年当选中国工程院院士。
李家彪,    海洋地质专家，主要从事海底地质科学与探测工程研究。1961年4月出生于浙江省杭州市。2001年毕业于中国科学院海洋研究所，获博士学位。     2015年当选中国工程院院士。
李贤玉,    指挥信息系统技术与工程管理专家，主要从事指挥信息系统工程领域技术与工程管理研究。1965年4月出生于黑龙江省牡丹江市。1990年毕业于北京大学电子系，获硕士学位。     2019年当选中国工程院院士。
林鸣,    桥隧领域施工技术与工程管理专家，主要从事桥隧及海工工程领域技术与工程管理研究。1957年10月出生于江苏省南京市。1981年毕业于东南大学。     2021年当选中国工程院院士。
凌文,    系统工程与能源工程管理专家，主要从事系统工程理论与大型能源工程管理研究。1963年2月出生于黑龙江省哈尔滨市。1991年毕业于哈尔滨工业大学，获博士学位。     2015年当选中国工程院院士。
刘德培,    医学分子生物学专家，主要从事基因表达调控、基因治疗与心血管疾病发病机制研究。1950年5月出生于安徽省阜南县。1986年毕业于中国协和医科大学，获博士学位。     1996年当选中国工程院院士。
刘合,    能源与矿业工程管理专家，主要从事采油工程技术及装备研发、工程管理创新与实践研究。1961年3月出生于黑龙江省哈尔滨市。2002年毕业于哈尔滨工程大学，获博士学位。     2017年当选中国工程院院士。
刘旭,    植物种质资源专家，主要从事作物种质资源研究。1953年12月出生于河北省定州市。1997年毕业于中国农业科学院研究生院，获博士学位。     2009年当选中国工程院院士。
卢春房,    铁路工程技术和管理专家，主要从事铁路建设管理和交通技术研究。1956年5月出生于河北省蠡县。1982年毕业于西南交通大学，获学士学位；2007年毕业于清华大学，获硕士学位。     2017年当选中国工程院院士。
麦康森,    水产养殖专家，主要从事水产动物营养与饲料学研究。1958年10月出生于广东省化州市。1995年毕业于爱尔兰国立大学，获博士学位。     2009年当选中国工程院院士。
邵安林,    矿冶工程管理专家，主要从事资源开发技术、工程管理与战略研究。1963年9月出生于黑龙江省肇东市。2004年毕业于东北大学，获博士学位。     2015年当选中国工程院院士。
孙丽丽,    石化工程技术和管理专家，全国工程勘察设计大师，主要从事石化工程技术创新、集成设计与管理模式研究。1961年9月出生于山东省烟台市。1983年毕业于华东石油学院（现中国石油大学），获学士学位。     2019年当选中国工程院院士。
唐立新,    系统工程专家，主要从事工业智能与系统优化研究。1966年08月出生于黑龙江省兰西市。1996年毕业于东北大学，获博士学位。     2019年当选中国工程院院士。
屠海令,    电子材料专家，主要从事硅及硅基半导体材料、化合物半导体材料、新型传感材料研究。1946年10月出生于北京市。1983年毕业于英国巴斯大学，获博士学位。     2007年当选中国工程院院士。
王坚,    云计算技术专家，主要从事云计算技术与产业化研究。1962年10月出生于浙江省杭州市。1990年毕业于杭州大学，获博士学位。     2019年当选中国工程院院士。
王金南,    环境规划与管理专家，主要从事生态环境规划和生态文明研究。1963年7月出生于浙江省金华市。2006年毕业于清华大学，获博士学位。     2017年当选中国工程院院士。
王陇德,    卫生管理和疾病控制专家，主要从事流行病学、公众健康促进和卫生管理研究。1947年1月出生于甘肃省兰州市。1982年毕业于中国医学科学院，获硕士学位。     2009年当选中国工程院院士。
王自力,    可靠性工程技术专家，主要从事可靠性系统工程理论研究与重大工程管理实践。1964年10月出生于江苏省南京市。1988年毕业于北京航空学院，获工学硕士学位。     2021年当选中国工程院院士。
向巧,    航空发动机工程科技与系统工程管理专家，长期从事航空发动机先进制造、再制造与维护保障技术、高端装备复杂系统工程管理研究。1963年6月出生于重庆市彭水县。2010年毕业于北京航空航天大学，获工学博士学位。     2015年当选中国工程院院士。
谢玉洪,    海洋油气勘探开发工程管理专家，主要从事海洋油气勘探开发理论技术研究和工程管理。1961年2月出生于河北省沧州市。2005年毕业于中国地质大学（武汉），获博士学位。     2021年当选中国工程院院士。
杨长风,    航天系统总体技术与工程管理专家，主要从事航天系统顶层设计、复杂巨系统工程管理、卫星导航定位授时体系建设应用等研究。1958年2月出生于湖南省益阳市南县。1982年毕业于国防科技大学，获学士学位，2004年获博士学位。     2021年当选中国工程院院士。
杨宏,    载人航天器系统工程管理专家，主要从事载人航天器系统工程的研究与管理工作研究。1963年11月出生于吉林省通化市。2021年毕业于北京航空航天大学，获博士学位。     2021年当选中国工程院院士。
杨善林,    管理科学与信息系统工程专家，主要从事智能决策理论与技术、信息系统理论与技术以及发展战略规划与系统管理理论研究。1948年10月出生于安徽省怀宁县。1985年毕业于合肥工业大学，获硕士学位。     2013年当选中国工程院院士。
张守攻,    森林培育和森林经理专家，主要从事人工林培育和森林可持续经营等研究。1957年7月出生于安徽省淮南市。1990年毕业于北京林业大学，获博士学位。     2017年当选中国工程院院士。
赵晓哲,    信息系统工程专家，主要从事指挥控制信息系统工程领域研究。1963年7月出生于辽宁省大连市。1992年毕业于大连理工大学，获博士学位。     2011年当选中国工程院院士。
郑南宁,    人工智能与自动控制工程专家，主要从事计算机视觉与模式识别、人工智能及其先进计算架构研究。1952年12月出生于江苏省南京市。1985年毕业于日本庆应大学，获博士学位。     1999年当选中国工程院院士。
周建平,    航天工程系统设计与技术管理专家，主要从事载人航天工程设计和研制试验工作研究。1957年1月出生于湖南省沅陵县。1989年毕业于国防科技大学，获工学博士学位。     2013年当选中国工程院院士。
巴德年,    免疫学专家，主要从事肿瘤免疫分子机制研究。1938年10月出生于吉林省四平市。1982年毕业于日本北海道大学，获博士学位。     1994年当选中国工程院院士。
陈清泉,    电动汽车、电力驱动和智慧能源学专家，主要从事电动汽车、电力驱动、智慧能源、四网四流融合领域研究。1937年1月出生于印尼马吉朗市。1957年北京矿业学院（现中国矿业大学）毕业，1959年清华大学研究生班进修，1982年获香港大学博士学位，2008年获英国洛夫堡大学荣誉技术博士学位。     1997年当选中国工程院院士
程天民,    防原医学与病理学专家，主要从事创伤战伤病理研究。1927年12月出生于江苏省宜兴市。1951年毕业于第六军医大学，获学士学位。     1996年当选中国工程院院士。
杜祥琬,    核物理工程技术专家，主要从事核武器物理、强激光和能源战略研究。1938年4月生于河南省南阳市（籍贯开封）。1964年毕业于莫斯科工程物理学院。     1997年当选中国工程院院士。
傅志寰,    铁路工程与管理专家，主要从事铁路、节能及综合交通运输研究。1938年4月出生于黑龙江省哈尔滨市。1961年毕业于莫斯科铁道学院，获学士学位。     2001年当选中国工程院院士。
郭重庆,    机械制造工艺与设备、设施规划与设计及产业发展战略专家，主要从事工程设计及管理科学与工程研究。1933年6月生于甘肃省兰州市。1957年毕业于哈尔滨工业大学，获学士学位。     1995年当选中国工程院院士。
郭桂蓉,    雷达技术专家，主要从事雷达抗干扰技术、雷达自动目标识别技术与系统的研究。1937年10月出生于四川省成都市。1960年-1965年在苏联莫斯科茹可夫斯基空军工程学院攻读雷达专业研究生，获副博士学位。     1995年当选中国工程院院士。
何继善,    信息物理与工程管理专家，主要从事电磁波传播、探测技术与仪器和工程管理理论研究。1934年9月出生于湖南省长沙市。1960年毕业于长春地质学院。     1994年当选中国工程院院士。
蒋士成,    化纤工程与技术管理专家，主要从事化纤工程与技术开发研究。1934年9月出生于江苏省常州市。1957年毕业于华东化工学院，获本科学位。     1999年当选中国工程院院士。
刘玠,    冶金自动化及信息工程专家、工程管理及企业管理专家，主要从事冶金工业计算机控制系统和数学模型的研究与开发。     1943年11月出生于上海市。1967年毕业于北京钢铁学院，研究生学历。     1997年当选中国工程院院士。
刘人怀,    力学、管理学专家，主要从事固体力学、战略管理和旅游管理等研究。1940年7月出生于四川省成都市。1963年毕业于兰州大学。     1999年当选中国工程院机械与运载学部院士。     2000年又当选为中国工程院工程管理学部院士。
陆佑楣,    水利水电工程专家，主要从事水利水电工程建设的技术和管理工作。1934年1月出生于上海市，祖籍江苏太仓。1956年毕业于华东水利学院（现河海大学），获工学学士学位。     2003年当选中国工程院院士。
栾恩杰,    导弹控制技术和航天工程管理专家，主要从事导弹控制技术和航天工程管理技术研究。1940年10月出生于吉林省白城地区市。1968年毕业于清华大学，获硕士学位。     2009年当选中国工程院院士。
罗绍基,    发电工程专家，主要从事抽水蓄能发电研究。1933年12月出生于广东省广州市。1955年毕业于清华大学，获学士学位。     1999年当选中国工程院院士。
钱七虎,    防护工程专家，主要从事工程防护理论与技术、地下工程建设理论与技术研究。1937年10月出生，江苏省昆山市人。1965年毕业于苏联莫斯科古比雪夫军事工程学院，获副博士学位。     1994年当选中国工程院院士。
饶芳权,    电机工程专家，主要从事水轮发电机的设计和技术管理研究。1934年9月出生于广东省梅州市。1958年毕业于哈尔滨工业大学。     1995年当选中国工程院院士。
沈荣骏,    航天工程管理与测控技术专家，主要从事航天工程管理与航天测控研究。1936年11月出生于安徽省合肥市。1958年毕业于军委测绘学院。     2005年当选中国工程院院士。
孙永福,    铁路工程技术和管理专家，主要从事铁路工程技术和管理研究。1941年2月出生于陕西省西安市。1962年毕业于长沙铁道学院。     2005年当选中国工程院院士。
王基铭,    炼油、石油化工及工程管理专家，主要从事大型石化工程管理创新与建设实践研究。1942年6月出生于上海市。1964年毕业于华东化工学院（现华东理工大学）。     2005年当选中国工程院院士。
王礼恒,    导弹动力技术和航天工程管理专家，主要从事导弹动力研究和航天工程管理研究。1938年12月出生于江苏省镇江市。1962年毕业于上海交通大学，获学士学位。     2003年当选中国工程院院士。
王众托,    系统工程与管理工程专家，主要从事知识系统工程与应用研究。1928年8月出生于北京市。1951年毕业于清华大学。     2001年当选中国工程院院士。
徐匡迪,    钢铁冶金专家，主要从事电炉炼钢、喷射冶金、钢液二次精炼及熔融还原研究。1937年12月出生于浙江省崇德县。1959年毕业于北京科技大学。     1995年当选中国工程院院士。
许庆瑞,    技术创新与管理学专家，主要从事技术创新与管理研究。1930年1月出生于江苏省常州市。1955年毕业于中国人民大学，获硕士学位。     2007年当选中国工程院院士。
徐寿波,    综合能源工程与技术经济专家，主要从事综合能源工程、技术经济、大物流（MF）和大管理（MR）研究。1931年10月出生于浙江省绍兴市。1960年毕业于苏联科学院能源研究所，获副博士学位。     2001年当选中国工程院院士。
殷瑞钰,    冶金学家、钢铁冶金专家、工程哲学专家，主要从事冶金学、冶金工程、工程管理、工程哲学研究。1935年7月出生于江苏省苏州市。1957年毕业于北京钢铁工业学院（现北京科技大学）。     1994年当选中国工程院院士。
袁晴棠,    石油化工专家，主要从事乙烯技术研究与开发。1938年5月出生于河南省南召市。1961年毕业于天津大学。     1995年当选中国工程院院士。
翟光明,    石油勘探专家，主要从事油气勘探战略研究。1926年8月出生于湖北省宜昌市。1950年毕业于北京大学，获学士学位。     1995年当选中国工程院院士。
张寿荣,    钢铁冶金专家，主要从事钢铁冶金生产、建设及高炉设计工艺等方面研究。1928年2月出生于山东省济南市。1949年毕业于天津北洋大学冶金工程系，获工学学士学位。     1995年当选中国工程院院士。
朱高峰,    通信技术与管理专家，主要从事电信科学研究。1935年5月出生于上海市。1958年毕业于苏联列宁格勒电信工程学院，获工程师学位。     1994年当选中国工程院院士。
朱晓东,    心血管外科专家，主要从事胸心外科学研究。1932年9月出生于河南省开封市。1965年毕业于中国医学科学院，获硕士学位。     1996年当选中国工程院院士。
